{"stats":{"minecraft:killed":{"minecraft:cave_spider":3,"minecraft:spider":11,"minecraft:skeleton":21,"minecraft:zombie_villager":1,"minecraft:creeper":4,"minecraft:sheep":3,"minecraft:pillager":6,"minecraft:zombie":48,"minecraft:drowned":14,"minecraft:bat":1,"minecraft:enderman":2},"minecraft:used":{"create:scorchia":1,"minecraft:ladder":27,"minecraft:chest":2,"minecraft:shield":172,"minecraft:iron_sword":319,"minecraft:bell":1,"create:fluid_tank":9,"minecraft:soul_sand":1,"minecraft:cocoa_beans":22,"create:cogwheel":143,"minecraft:jungle_planks":33,"create:depot":1,"minecraft:tuff":36,"minecraft:glass":3,"minecraft:lava_bucket":12,"minecraft:iron_helmet":1,"create:millstone":2,"minecraft:item_frame":1,"minecraft:warped_fungus":1,"minecraft:bow":32,"minecraft:hay_block":11,"create:shaft":173,"minecraft:oak_sapling":94,"create:steam_engine":3,"minecraft:furnace":4,"minecraft:egg":1,"minecraft:oak_chest_boat":12,"minecraft:golden_boots":1,"minecraft:diorite":83,"minecraft:stone_pickaxe":5773,"minecraft:oak_planks":387,"minecraft:wooden_pickaxe":57,"minecraft:sandstone":29,"minecraft:composter":1,"minecraft:sugar_cane":25,"minecraft:cookie":160,"create:spout":1,"minecraft:sand":51,"minecraft:crossbow":3,"minecraft:redstone_torch":1,"minecraft:lever":6,"minecraft:melon_slice":14,"minecraft:bread":129,"create:contraption_controls":1,"minecraft:polished_granite":76,"create:andesite_casing":1,"minecraft:gravel":17,"minecraft:nether_wart_block":5,"minecraft:diamond_sword":29,"minecraft:wooden_sword":56,"create:basin":2,"minecraft:andesite":7,"minecraft:oak_boat":1,"create:steam_whistle":2,"create:vertical_gearbox":17,"minecraft:oak_hanging_sign":1,"create:large_cogwheel":54,"minecraft:experience_bottle":1,"minecraft:oak_fence":60,"minecraft:oak_trapdoor":4,"minecraft:stone_sword":116,"minecraft:flint_and_steel":18,"minecraft:stone_shovel":2427,"minecraft:redstone":5,"create:cuckoo_clock":5,"minecraft:cooked_salmon":1,"minecraft:wooden_shovel":123,"minecraft:netherrack":77,"minecraft:oak_door":11,"minecraft:torch":400,"create:mechanical_pump":7,"minecraft:dirt":2079,"create:mechanical_mixer":3,"minecraft:golden_chestplate":1,"minecraft:granite":25,"minecraft:polished_diorite":180,"minecraft:shroomlight":1,"minecraft:wooden_axe":302,"create:wrench":506,"minecraft:filled_map":5,"create:gearbox":13,"minecraft:oak_stairs":28,"minecraft:rooted_dirt":2,"create:hose_pulley":2,"minecraft:jungle_log":1,"minecraft:iron_boots":1,"minecraft:barrel":6,"minecraft:bamboo":1,"create:encased_chain_drive":40,"minecraft:soul_soil":1,"create:fluid_pipe":90,"minecraft:cobbled_deepslate":73,"create:belt_connector":44,"minecraft:brown_bed":2,"minecraft:wheat_seeds":1217,"minecraft:cooked_mutton":3,"minecraft:water_bucket":12,"minecraft:cobblestone_stairs":117,"minecraft:cartography_table":1,"minecraft:andesite_slab":1,"minecraft:cauldron":3,"minecraft:cobblestone_slab":71,"minecraft:glow_ink_sac":1,"create:item_drain":2,"minecraft:crafting_table":11,"minecraft:oak_slab":7,"minecraft:campfire":5,"create:filter":22,"minecraft:oak_log":206,"minecraft:wooden_hoe":84,"minecraft:flower_pot":1,"minecraft:apple":8,"create:mechanical_press":3,"minecraft:iron_pickaxe":410,"minecraft:map":1,"create:water_wheel":6,"create:large_water_wheel":2,"minecraft:golden_leggings":1,"minecraft:stone_axe":510,"minecraft:cobblestone":3034,"minecraft:white_banner":2,"minecraft:bucket":83,"create:hand_crank":11,"minecraft:stripped_oak_log":1},"minecraft:dropped":{"minecraft:iron_sword":1,"minecraft:oak_log":1,"minecraft:crafting_table":9,"create:filter":1,"minecraft:dirt":9,"minecraft:yellow_dye":2,"create:iron_sheet":1,"minecraft:sand":1,"minecraft:gold_ingot":15,"minecraft:iron_nugget":29,"minecraft:andesite_slab":3,"minecraft:wheat":54,"minecraft:rotten_flesh":6,"create:wheat_flour":392,"minecraft:iron_ingot":17,"create:rose_quartz":8,"minecraft:wheat_seeds":2,"minecraft:cobblestone":2,"minecraft:copper_ingot":50,"minecraft:blue_dye":2,"minecraft:bucket":8,"minecraft:kelp":30,"minecraft:tuff":2,"create:zinc_ingot":5,"minecraft:andesite":33,"minecraft:oak_sapling":3},"minecraft:broken":{"minecraft:wooden_shovel":2,"minecraft:stone_pickaxe":43,"minecraft:stone_axe":2,"minecraft:wooden_axe":4,"minecraft:stone_shovel":18,"minecraft:iron_pickaxe":1,"minecraft:wooden_hoe":1},"minecraft:killed_by":{"minecraft:creeper":1,"minecraft:zombie":1,"minecraft:hoglin":2,"minecraft:skeleton":2},"minecraft:mined":{"create:deepslate_zinc_ore":37,"minecraft:oak_sapling":3,"create:copper_casing":2,"create:andesite_casing":13,"minecraft:cobblestone_stairs":55,"minecraft:jungle_leaves":8,"minecraft:cave_vines_plant":1,"minecraft:granite":213,"minecraft:budding_amethyst":1,"minecraft:grass_block":679,"minecraft:jungle_log":16,"minecraft:soul_soil":1,"minecraft:polished_diorite":13,"minecraft:crimson_fungus":1,"minecraft:spawner":1,"minecraft:tall_seagrass":1,"minecraft:iron_ore":84,"minecraft:fire":3,"minecraft:cobbled_deepslate":2,"minecraft:azure_bluet":3,"minecraft:brown_bed":1,"minecraft:water_cauldron":1,"minecraft:dirt_path":2,"minecraft:oak_stairs":10,"minecraft:white_banner":1,"create:veridium":39,"create:mechanical_press":2,"create:limestone":21,"create:item_drain":1,"minecraft:deepslate_redstone_ore":28,"create:cogwheel":12,"minecraft:kelp_plant":4,"create:steam_whistle_extension":13,"minecraft:clay":1,"minecraft:torch":21,"minecraft:calcite":7,"minecraft:melon":3,"minecraft:nether_quartz_ore":24,"minecraft:cobblestone":604,"minecraft:oak_planks":129,"minecraft:sugar_cane":28,"minecraft:wall_torch":88,"create:cuckoo_clock":3,"minecraft:amethyst_block":1,"minecraft:cauldron":2,"create:large_water_wheel":1,"create:basin":1,"minecraft:seagrass":1,"minecraft:nether_wart_block":5,"minecraft:wheat":422,"create:mechanical_mixer":1,"minecraft:warped_fungus":14,"minecraft:grass":424,"minecraft:oak_log":491,"create:hand_crank":1,"minecraft:sand":77,"minecraft:dirt":2218,"create:encased_chain_drive":7,"minecraft:smooth_basalt":1,"minecraft:netherrack":104,"minecraft:oak_leaves":543,"minecraft:deepslate":160,"create:zinc_ore":64,"minecraft:nether_gold_ore":7,"minecraft:tuff":123,"minecraft:deepslate_diamond_ore":1,"minecraft:oak_door":8,"create:fluid_tank":1,"minecraft:glow_lichen":1,"minecraft:lever":5,"minecraft:ladder":1,"create:large_cogwheel":5,"minecraft:jungle_planks":9,"minecraft:redstone_wire":5,"minecraft:kelp":2,"minecraft:sandstone":32,"minecraft:rooted_dirt":2,"minecraft:hay_block":9,"create:shaft":14,"minecraft:oak_trapdoor":3,"minecraft:andesite":193,"create:scorchia":1,"minecraft:cobblestone_slab":7,"minecraft:shroomlight":1,"minecraft:deepslate_iron_ore":51,"minecraft:vine":15,"minecraft:rail":3,"minecraft:stripped_oak_log":7,"minecraft:bamboo":1,"minecraft:stone":3347,"minecraft:oak_slab":6,"create:hose_pulley":1,"minecraft:soul_sand":1,"minecraft:dandelion":6,"minecraft:crafting_table":6,"minecraft:cornflower":5,"create:fluid_pipe":30,"create:mechanical_pump":4,"minecraft:andesite_slab":1,"create:water_wheel":1,"minecraft:campfire":1,"minecraft:copper_ore":79,"minecraft:tall_grass":1,"minecraft:lapis_ore":2,"minecraft:deepslate_gold_ore":64,"minecraft:diorite":557,"create:gearbox":12,"minecraft:redstone_torch":1,"minecraft:coal_ore":143,"minecraft:cocoa":15,"minecraft:gravel":48,"minecraft:cobweb":22,"minecraft:fern":146},"minecraft:custom":{"minecraft:animals_bred":1,"minecraft:interact_with_crafting_table":414,"minecraft:open_barrel":1028,"minecraft:bell_ring":2,"minecraft:leave_game":16,"minecraft:time_since_death":131161,"minecraft:sprint_one_cm":1845752,"minecraft:damage_blocked_by_shield":4181,"minecraft:drop":657,"minecraft:talked_to_villager":8,"minecraft:play_time":1855798,"minecraft:deaths":6,"minecraft:jump":8926,"minecraft:interact_with_brewingstand":1,"minecraft:walk_on_water_one_cm":555304,"minecraft:interact_with_furnace":145,"minecraft:interact_with_cartography_table":3,"minecraft:sleep_in_bed":25,"minecraft:damage_dealt":21624,"minecraft:crouch_one_cm":46248,"minecraft:mob_kills":120,"minecraft:fill_cauldron":1,"minecraft:interact_with_campfire":60,"minecraft:climb_one_cm":83759,"minecraft:walk_one_cm":6066769,"minecraft:sneak_time":36014,"minecraft:walk_under_water_one_cm":343209,"minecraft:boat_one_cm":1497024,"minecraft:interact_with_blast_furnace":1,"minecraft:total_world_time":1855798,"minecraft:pot_flower":1,"minecraft:time_since_rest":131191,"minecraft:damage_taken":8764,"minecraft:swim_one_cm":51664,"minecraft:fly_one_cm":155656,"minecraft:open_chest":49,"minecraft:fall_one_cm":116282},"minecraft:picked_up":{"minecraft:iron_chestplate":1,"minecraft:wheat":405,"minecraft:lead":3,"minecraft:diamond_sword":1,"minecraft:oak_stairs":10,"minecraft:brown_bed":1,"create:wrench":1,"create:item_drain":1,"minecraft:potion":1,"minecraft:amethyst_block":1,"minecraft:raw_copper":293,"minecraft:string":35,"minecraft:soul_soil":1,"create:limestone":21,"minecraft:shroomlight":1,"create:water_wheel":1,"create:mechanical_press":2,"minecraft:gold_nugget":28,"minecraft:cobbled_deepslate":171,"minecraft:bucket":1,"minecraft:redstone_torch":1,"minecraft:cobblestone_slab":8,"minecraft:calcite":7,"minecraft:iron_pickaxe":2,"minecraft:melon_slice":14,"minecraft:iron_boots":1,"minecraft:stick":89,"create:mechanical_mixer":1,"minecraft:torch":239,"create:andesite_casing":13,"minecraft:diorite":674,"minecraft:golden_chestplate":2,"minecraft:cauldron":3,"create:large_cogwheel":6,"minecraft:stone_sword":2,"minecraft:rotten_flesh":65,"create:copper_casing":2,"minecraft:blue_dye":2,"create:veridium":117,"minecraft:cobblestone":4077,"minecraft:water_bucket":4,"create:fluid_tank":1,"minecraft:andesite":247,"minecraft:jungle_log":16,"minecraft:golden_leggings":3,"minecraft:flint":3,"minecraft:tuff":125,"create:raw_zinc":193,"minecraft:lapis_lazuli":24,"minecraft:dirt":3444,"create:encased_chain_drive":7,"minecraft:bone":35,"minecraft:bow":3,"minecraft:wheat_seeds":1219,"minecraft:raw_gold":65,"create:goggles":1,"create:shaft":14,"minecraft:bamboo":13,"minecraft:oak_planks":180,"create:cogwheel":13,"create:cuckoo_clock":3,"minecraft:sand":76,"minecraft:jungle_planks":9,"create:steam_whistle":2,"minecraft:ink_sac":3,"minecraft:diamond":3,"minecraft:lever":5,"minecraft:granite":312,"minecraft:crossbow":1,"minecraft:bone_meal":34,"minecraft:emerald":3,"minecraft:bread":88,"minecraft:rooted_dirt":2,"minecraft:oak_sapling":125,"minecraft:netherrack":94,"minecraft:andesite_slab":4,"minecraft:charcoal":2,"create:copper_sheet":33,"minecraft:cocoa_beans":45,"minecraft:crafting_table":7,"minecraft:azure_bluet":3,"minecraft:ladder":1,"minecraft:clay_ball":4,"minecraft:shield":2,"minecraft:cornflower":5,"create:fluid_pipe":30,"minecraft:oak_trapdoor":3,"minecraft:flint_and_steel":1,"minecraft:compass":1,"create:scorchia":1,"minecraft:oak_boat":1,"create:basin":1,"minecraft:iron_nugget":7,"minecraft:sugar_cane":52,"minecraft:egg":7,"minecraft:raw_iron":142,"minecraft:sandstone":31,"minecraft:oak_door":12,"create:golden_sheet":9,"minecraft:copper_ingot":18,"minecraft:cookie":4,"create:hand_crank":5,"minecraft:redstone":137,"create:vertical_gearbox":9,"minecraft:tnt":4,"minecraft:arrow":41,"minecraft:stone_shovel":4,"minecraft:hay_block":9,"minecraft:oak_chest_boat":12,"minecraft:gold_ingot":8,"minecraft:mutton":3,"minecraft:rail":3,"minecraft:white_wool":3,"minecraft:stripped_oak_log":8,"create:iron_sheet":11,"minecraft:glow_ink_sac":3,"minecraft:salmon":1,"minecraft:leather":2,"minecraft:yellow_dye":2,"minecraft:filled_map":1,"minecraft:crimson_fungus":1,"minecraft:oak_log":517,"minecraft:golden_boots":3,"minecraft:nether_wart_block":5,"minecraft:gunpowder":3,"minecraft:cobblestone_stairs":54,"minecraft:white_banner":2,"minecraft:cooked_mutton":1,"minecraft:apple":17,"minecraft:kelp":69,"minecraft:heart_of_the_sea":1,"minecraft:iron_ingot":14,"minecraft:stone_pickaxe":5,"minecraft:iron_sword":1,"minecraft:soul_sand":1,"minecraft:oak_slab":6,"minecraft:smooth_basalt":1,"minecraft:warped_fungus":14,"create:large_water_wheel":1,"create:hose_pulley":1,"minecraft:quartz":24,"minecraft:dandelion":6,"minecraft:gravel":98,"minecraft:amethyst_shard":2,"minecraft:spider_eye":8,"create:gearbox":3,"create:wheat_flour":68,"minecraft:polished_diorite":13,"minecraft:stone_axe":3,"create:mechanical_pump":4,"minecraft:iron_helmet":1,"create:rose_quartz":5,"minecraft:coal":143,"minecraft:ender_pearl":2},"minecraft:crafted":{"minecraft:brick":4,"minecraft:oak_planks":908,"minecraft:cobblestone_slab":66,"minecraft:barrel":14,"minecraft:chain":2,"minecraft:oak_hanging_sign":6,"minecraft:cobblestone_stairs":72,"minecraft:lever":1,"minecraft:cooked_mutton":3,"minecraft:iron_bars":16,"create:vertical_gearbox":2,"minecraft:glass":7,"minecraft:bow":1,"minecraft:iron_boots":1,"create:mechanical_press":1,"minecraft:chest":3,"create:spout":1,"minecraft:oak_button":1,"minecraft:copper_block":2,"create:cuckoo_clock":1,"railways:handcar":1,"minecraft:dried_kelp_block":1,"create:cogwheel":58,"minecraft:oak_fence":60,"minecraft:flower_pot":1,"create:depot":1,"minecraft:oak_slab":48,"minecraft:item_frame":1,"minecraft:deepslate":4,"minecraft:wooden_shovel":2,"create:rose_quartz":3,"minecraft:cauldron":1,"minecraft:map":1,"minecraft:crafting_table":6,"create:fluid_pipe":32,"minecraft:wooden_pickaxe":1,"minecraft:iron_helmet":1,"minecraft:brown_dye":3,"minecraft:clock":1,"minecraft:brown_bed":1,"minecraft:copper_ingot":105,"create:sand_paper":1,"minecraft:hay_block":11,"minecraft:campfire":5,"create:encased_chain_drive":7,"create:mechanical_mixer":1,"minecraft:cartography_table":1,"create:gearbox":6,"create:water_wheel":3,"minecraft:yellow_dye":6,"minecraft:charcoal":52,"minecraft:iron_chestplate":1,"minecraft:wooden_hoe":2,"minecraft:paper":21,"minecraft:golden_leggings":1,"minecraft:shield":4,"minecraft:stick":348,"create:mechanical_pump":2,"minecraft:iron_ingot":134,"minecraft:compass":3,"minecraft:iron_pickaxe":3,"minecraft:iron_block":1,"minecraft:stone_sword":1,"minecraft:gold_ingot":68,"create:large_cogwheel":12,"minecraft:light_gray_dye":3,"minecraft:redstone_torch":1,"minecraft:composter":1,"create:empty_blaze_burner":1,"minecraft:wooden_sword":1,"minecraft:oak_door":3,"minecraft:cookie":160,"minecraft:stone_shovel":20,"create:wrench":2,"create:steam_engine":2,"minecraft:iron_nugget":153,"minecraft:furnace":4,"create:contraption_controls":1,"minecraft:oak_trapdoor":4,"minecraft:flint_and_steel":1,"minecraft:polished_diorite":172,"minecraft:ladder":27,"create:millstone":1,"minecraft:stone_pickaxe":45,"create:fluid_tank":8,"create:hose_pulley":1,"create:basin":1,"create:electron_tube":1,"create:belt_connector":4,"create:filter":1,"minecraft:wheat":81,"create:steam_whistle":3,"create:andesite_alloy":37,"create:hand_crank":1,"minecraft:diamond_sword":1,"minecraft:dried_kelp":39,"minecraft:iron_sword":3,"create:dough":58,"create:goggles":2,"create:large_water_wheel":1,"minecraft:cooked_salmon":1,"minecraft:polished_granite":84,"create:item_drain":1,"minecraft:bucket":2,"minecraft:stone_axe":6,"minecraft:air":0,"minecraft:bread":102,"minecraft:jungle_planks":24,"minecraft:blue_dye":5,"minecraft:oak_boat":1,"minecraft:oak_chest_boat":1,"create:whisk":1,"minecraft:white_wool":1,"minecraft:andesite_slab":6,"minecraft:brown_wool":3,"minecraft:wooden_axe":5,"minecraft:oak_stairs":20,"create:shaft":104,"minecraft:torch":300,"create:zinc_ingot":54}},"DataVersion":3465}