{"stats":{"minecraft:killed_by":{"minecraft:pillager":1,"minecraft:zombie":1,"minecraft:creeper":1,"minecraft:spider":1,"minecraft:hoglin":2,"minecraft:skeleton":2},"minecraft:broken":{"minecraft:golden_boots":1,"minecraft:wooden_shovel":2,"minecraft:iron_chestplate":1,"minecraft:iron_sword":1,"minecraft:iron_pickaxe":3,"minecraft:wooden_hoe":1,"minecraft:stone_pickaxe":97,"minecraft:stone_axe":11,"minecraft:wooden_axe":4,"minecraft:stone_shovel":26,"create:sand_paper":2},"minecraft:used":{"create:copper_door":14,"create:deployer":19,"minecraft:polished_granite_stairs":151,"minecraft:ladder":60,"minecraft:chest":10,"minecraft:stone":3,"minecraft:rotten_flesh":3,"create:fluid_tank":24,"minecraft:soul_sand":6,"minecraft:cocoa_beans":22,"create:mechanical_crafter":22,"minecraft:jungle_slab":76,"create:depot":4,"create:framed_glass_pane":52,"create:controls":1,"minecraft:lava_bucket":31,"create:rose_quartz_lamp":13,"create:andesite_funnel":27,"create:shaft":411,"create:rotation_speed_controller":15,"minecraft:bow":32,"minecraft:furnace":5,"create:steam_engine":5,"minecraft:oak_sapling":197,"minecraft:egg":1,"minecraft:diorite":160,"minecraft:powered_rail":1,"minecraft:cactus":5,"minecraft:wooden_pickaxe":57,"minecraft:composter":1,"minecraft:cookie":160,"create:spout":3,"minecraft:sand":180,"create:copper_backtank":18,"create:contraption_controls":10,"minecraft:polished_granite":772,"create:adjustable_chain_gearshift":1,"minecraft:nether_wart_block":5,"minecraft:diamond_sword":259,"minecraft:wooden_sword":56,"create:basin":12,"minecraft:oak_boat":1,"create:steam_whistle":2,"minecraft:oak_hanging_sign":1,"minecraft:oak_trapdoor":4,"create:framed_glass":48,"minecraft:iron_bars":8,"minecraft:stone_sword":116,"railways:handcar":5,"create:cuckoo_clock":5,"minecraft:cooked_salmon":1,"minecraft:netherrack":237,"minecraft:torch":689,"minecraft:wheat":2,"minecraft:polished_granite_slab":140,"minecraft:jungle_trapdoor":26,"minecraft:polished_diorite":282,"minecraft:shroomlight":1,"create:wrench":1991,"minecraft:filled_map":5,"create:gearbox":37,"minecraft:iron_axe":452,"minecraft:rooted_dirt":2,"minecraft:jungle_log":43,"minecraft:barrel":40,"minecraft:bamboo":1,"create:encased_chain_drive":72,"create:fluid_pipe":105,"minecraft:cobbled_deepslate":275,"create:belt_connector":135,"minecraft:calcite":4,"minecraft:wheat_seeds":3776,"minecraft:water_bucket":51,"minecraft:cartography_table":1,"create:brass_tunnel":1,"minecraft:cauldron":3,"minecraft:glow_ink_sac":1,"create:blaze_burner":11,"minecraft:rail":2,"create:encased_fan":1,"minecraft:oak_slab":21,"minecraft:crafting_table":27,"minecraft:campfire":5,"create:filter":23,"minecraft:oak_log":555,"create:track":49,"minecraft:diamond_pickaxe":9,"minecraft:oak_button":5,"minecraft:iron_pickaxe":1552,"create:water_wheel":21,"minecraft:cobblestone":6914,"create:clutch":2,"minecraft:stripped_oak_log":4,"create:elevator_pulley":10,"create:scorchia":1,"minecraft:shield":307,"minecraft:iron_sword":782,"minecraft:bell":1,"create:railway_casing":15,"minecraft:iron_chestplate":1,"create:blue_seat":1,"create:cogwheel":371,"minecraft:jungle_planks":169,"minecraft:nether_bricks":1,"minecraft:tuff":53,"create:speedometer":8,"create:mechanical_roller":18,"minecraft:glass":11,"minecraft:iron_helmet":1,"create:millstone":2,"minecraft:item_frame":2,"create:experience_block":1,"minecraft:magma_block":2,"minecraft:warped_fungus":1,"minecraft:hay_block":18,"create:mechanical_drill":87,"minecraft:oak_chest_boat":22,"minecraft:golden_boots":1,"create:crushing_wheel":8,"minecraft:stone_pickaxe":13294,"minecraft:jungle_fence":33,"minecraft:oak_planks":1080,"minecraft:sandstone":33,"minecraft:sugar_cane":28,"create:track_station":16,"create:flywheel":13,"minecraft:crossbow":33,"minecraft:redstone_torch":21,"minecraft:lever":9,"minecraft:melon_slice":14,"minecraft:bread":416,"create:andesite_casing":6,"minecraft:deepslate":4,"minecraft:gravel":25,"railways:small_buffer":19,"create:stressometer":44,"minecraft:andesite":67,"create:vertical_gearbox":43,"minecraft:bone_meal":153,"minecraft:experience_bottle":1,"create:large_cogwheel":97,"minecraft:oak_fence":95,"create:clipboard":24,"minecraft:flint_and_steel":42,"create:item_vault":4,"minecraft:stone_shovel":3628,"minecraft:redstone":40,"minecraft:wooden_shovel":123,"minecraft:oak_door":11,"create:mechanical_pump":11,"minecraft:dirt":3665,"create:andesite_door":4,"create:mechanical_mixer":3,"minecraft:hopper":3,"create:copper_casing":71,"create:redstone_contact":41,"minecraft:golden_chestplate":1,"minecraft:granite":44,"create:chute":16,"minecraft:wooden_axe":302,"minecraft:oak_stairs":205,"create:hose_pulley":2,"minecraft:iron_boots":1,"minecraft:soul_soil":6,"minecraft:brown_bed":12,"minecraft:cooked_mutton":3,"minecraft:cobblestone_stairs":348,"create:empty_blaze_burner":3,"minecraft:andesite_slab":1,"minecraft:stonecutter":2,"minecraft:cobblestone_slab":273,"create:item_drain":3,"create:brass_funnel":8,"minecraft:wooden_hoe":95,"minecraft:flower_pot":1,"minecraft:apple":11,"create:mechanical_press":10,"minecraft:map":2,"minecraft:jungle_stairs":27,"create:large_water_wheel":8,"minecraft:golden_leggings":1,"minecraft:stone_axe":2069,"minecraft:white_banner":3,"minecraft:jungle_door":4,"minecraft:bucket":141,"create:hand_crank":42},"minecraft:killed":{"minecraft:cave_spider":9,"minecraft:skeleton":54,"minecraft:magma_cube":5,"minecraft:pillager":9,"minecraft:zombie":117,"minecraft:enderman":8,"minecraft:spider":27,"minecraft:zombie_villager":2,"minecraft:creeper":23,"minecraft:sheep":3,"minecraft:drowned":20,"minecraft:bat":2},"minecraft:custom":{"minecraft:interact_with_crafting_table":1099,"minecraft:open_barrel":3520,"minecraft:bell_ring":2,"minecraft:leave_game":55,"minecraft:time_since_death":391396,"minecraft:damage_blocked_by_shield":7876,"minecraft:play_time":4900348,"minecraft:deaths":11,"minecraft:jump":19637,"minecraft:interact_with_furnace":291,"minecraft:interact_with_cartography_table":4,"minecraft:sleep_in_bed":81,"minecraft:damage_dealt":50691,"minecraft:inspect_hopper":2,"minecraft:sneak_time":85798,"minecraft:interact_with_blast_furnace":1,"minecraft:total_world_time":4900348,"minecraft:interact_with_stonecutter":42,"minecraft:time_since_rest":13808,"minecraft:swim_one_cm":211254,"minecraft:fly_one_cm":479412,"minecraft:open_chest":220,"minecraft:fall_one_cm":250384,"minecraft:animals_bred":1,"minecraft:sprint_one_cm":6736620,"minecraft:drop":2679,"minecraft:talked_to_villager":10,"minecraft:interact_with_brewingstand":1,"minecraft:walk_on_water_one_cm":1102864,"minecraft:crouch_one_cm":123130,"minecraft:mob_kills":290,"minecraft:fill_cauldron":1,"minecraft:interact_with_campfire":60,"minecraft:climb_one_cm":223451,"minecraft:walk_one_cm":15551494,"minecraft:walk_under_water_one_cm":841948,"minecraft:boat_one_cm":1784092,"minecraft:pot_flower":1,"minecraft:damage_taken":19392},"minecraft:mined":{"minecraft:polished_granite_slab":25,"create:copper_casing":6,"create:andesite_casing":13,"minecraft:jungle_leaves":82,"minecraft:obsidian":9,"minecraft:granite":1461,"create:redstone_contact":3,"minecraft:jungle_log":147,"create:belt":2,"minecraft:crimson_fungus":1,"minecraft:spawner":3,"minecraft:tall_seagrass":1,"minecraft:magma_block":3,"minecraft:cobbled_deepslate":13,"minecraft:fire":17,"minecraft:barrel":16,"minecraft:water_cauldron":1,"minecraft:dirt_path":3,"minecraft:oak_stairs":90,"minecraft:white_banner":1,"create:veridium":39,"create:mechanical_press":2,"create:limestone":123,"minecraft:jungle_trapdoor":11,"create:item_drain":1,"create:cogwheel":14,"minecraft:kelp_plant":14,"minecraft:soul_fire":9,"minecraft:torch":30,"minecraft:melon":3,"create:scoria":20,"create:framed_glass":2,"minecraft:sugar_cane":48,"create:cuckoo_clock":3,"minecraft:amethyst_block":1,"create:contraption_controls":3,"create:rose_quartz_lamp":8,"create:basin":1,"minecraft:wheat":1436,"create:mechanical_mixer":1,"minecraft:warped_fungus":14,"minecraft:grass":452,"create:hand_crank":2,"minecraft:smooth_basalt":12,"minecraft:stonecutter":1,"minecraft:deepslate":250,"create:zinc_ore":98,"create:copper_backtank":4,"create:fluid_tank":1,"minecraft:nether_bricks":22,"minecraft:jungle_planks":43,"minecraft:redstone_wire":16,"minecraft:kelp":2,"create:shaft":19,"minecraft:andesite":998,"minecraft:cobblestone_slab":108,"minecraft:vine":186,"minecraft:rail":3,"minecraft:bamboo":1,"minecraft:oak_slab":10,"minecraft:soul_sand":10,"minecraft:dandelion":6,"minecraft:cornflower":5,"create:fluid_pipe":30,"create:mechanical_pump":4,"create:water_wheel":2,"minecraft:campfire":1,"create:elevator_contact":3,"minecraft:tall_grass":1,"minecraft:copper_ore":123,"minecraft:deepslate_gold_ore":78,"railways:small_buffer":1,"minecraft:diorite":953,"create:experience_block":1,"create:gearbox":13,"minecraft:jungle_fence":11,"create:mechanical_drill":3,"create:crushing_wheel":2,"minecraft:gravel":173,"minecraft:cobweb":60,"minecraft:oak_button":2,"create:andesite_funnel":2,"minecraft:gold_ore":7,"minecraft:fern":158,"create:deepslate_zinc_ore":60,"minecraft:oak_sapling":6,"minecraft:jungle_slab":45,"minecraft:cobblestone_stairs":140,"minecraft:cave_vines_plant":1,"minecraft:budding_amethyst":1,"minecraft:grass_block":735,"create:copper_door":1,"minecraft:soul_soil":6,"minecraft:polished_diorite":38,"minecraft:iron_ore":202,"minecraft:azure_bluet":3,"minecraft:brown_bed":12,"minecraft:flowering_azalea_leaves":3,"minecraft:iron_bars":4,"minecraft:azalea_leaves":11,"minecraft:polished_granite_stairs":21,"minecraft:deepslate_redstone_ore":82,"minecraft:jungle_door":2,"create:steam_whistle_extension":13,"minecraft:clay":2,"minecraft:jungle_stairs":7,"minecraft:calcite":11,"minecraft:chest":2,"minecraft:nether_quartz_ore":51,"minecraft:cobblestone":2274,"minecraft:oak_planks":518,"minecraft:wall_torch":129,"minecraft:cauldron":2,"create:large_water_wheel":1,"minecraft:seagrass":2,"minecraft:nether_wart_block":5,"minecraft:oak_log":1187,"minecraft:sand":235,"minecraft:dirt":3205,"create:encased_chain_drive":8,"minecraft:netherrack":508,"minecraft:oak_leaves":1274,"minecraft:nether_gold_ore":18,"minecraft:tuff":168,"minecraft:oak_door":8,"minecraft:deepslate_diamond_ore":2,"minecraft:glow_lichen":2,"minecraft:lever":5,"minecraft:ladder":55,"create:large_cogwheel":7,"minecraft:sandstone":36,"minecraft:rooted_dirt":2,"minecraft:hay_block":18,"minecraft:oak_trapdoor":3,"create:framed_glass_pane":2,"create:scorchia":1,"minecraft:gold_block":2,"minecraft:deepslate_iron_ore":132,"minecraft:shroomlight":1,"minecraft:stripped_jungle_log":1,"minecraft:stripped_oak_log":10,"create:elevator_pulley":1,"minecraft:stone":6155,"minecraft:redstone_wall_torch":7,"create:hose_pulley":1,"minecraft:basalt":5,"minecraft:polished_granite":110,"minecraft:oak_fence":20,"minecraft:crafting_table":16,"minecraft:andesite_slab":1,"minecraft:lapis_ore":2,"minecraft:cactus":5,"minecraft:redstone_torch":13,"minecraft:coal_ore":245,"minecraft:cocoa":15},"minecraft:picked_up":{"minecraft:iron_chestplate":4,"minecraft:diamond_sword":2,"minecraft:lead":3,"minecraft:oak_stairs":91,"minecraft:brown_bed":12,"create:wrench":5,"create:item_drain":1,"minecraft:amethyst_block":1,"create:limestone":123,"minecraft:string":104,"minecraft:soul_soil":6,"minecraft:shroomlight":1,"create:water_wheel":6,"minecraft:gold_nugget":68,"minecraft:cobbled_deepslate":315,"create:contraption_controls":4,"minecraft:melon_slice":14,"create:andesite_casing":14,"minecraft:golden_chestplate":2,"minecraft:cauldron":3,"create:industrial_iron_block":14,"minecraft:stone_sword":2,"create:clipboard":1,"create:copper_casing":21,"create:scoria":20,"create:copper_door":3,"create:track":121,"minecraft:blue_dye":2,"minecraft:iron_bars":4,"minecraft:magma_block":3,"minecraft:water_bucket":4,"minecraft:jungle_log":147,"minecraft:flint":15,"create:encased_chain_drive":8,"minecraft:stonecutter":1,"create:mechanical_drill":3,"create:goggles":6,"create:shaft":74,"create:super_glue":3,"create:experience_block":1,"create:steam_whistle":2,"minecraft:ink_sac":3,"minecraft:barrel":16,"minecraft:lever":5,"minecraft:polished_granite_slab":22,"minecraft:granite":1616,"minecraft:bread":282,"minecraft:rooted_dirt":2,"create:copper_sheet":34,"minecraft:crafting_table":17,"minecraft:clay_ball":8,"minecraft:cornflower":5,"minecraft:jungle_trapdoor":11,"create:fluid_pipe":34,"minecraft:flint_and_steel":6,"create:scorchia":1,"minecraft:compass":6,"create:brass_funnel":1,"minecraft:jungle_sapling":6,"minecraft:iron_nugget":48,"minecraft:chest":2,"minecraft:egg":7,"minecraft:sandstone":35,"minecraft:stone":4,"minecraft:oak_door":12,"create:copper_backtank":4,"minecraft:redstone":399,"create:vertical_gearbox":17,"minecraft:tnt":4,"minecraft:polished_granite_stairs":21,"minecraft:stone_shovel":9,"minecraft:hay_block":18,"minecraft:gold_ingot":8,"minecraft:oak_chest_boat":22,"minecraft:mutton":3,"minecraft:rail":5,"minecraft:white_wool":3,"railways:small_buffer":7,"minecraft:stripped_oak_log":11,"create:iron_sheet":11,"minecraft:clock":1,"minecraft:yellow_dye":2,"minecraft:jungle_fence":11,"minecraft:filled_map":1,"minecraft:oak_log":1216,"minecraft:golden_boots":4,"minecraft:white_banner":3,"create:crushing_wheel":2,"minecraft:apple":33,"minecraft:kelp":200,"minecraft:stone_pickaxe":10,"minecraft:iron_sword":7,"minecraft:smooth_basalt":12,"create:hose_pulley":1,"minecraft:gravel":259,"create:gearbox":4,"minecraft:stone_axe":7,"minecraft:polished_diorite":43,"create:mechanical_pump":4,"create:rose_quartz":8,"minecraft:oak_button":2,"minecraft:ender_pearl":7,"minecraft:wheat":1314,"minecraft:potion":1,"minecraft:raw_copper":498,"create:andesite_funnel":6,"create:mechanical_press":2,"minecraft:bucket":6,"minecraft:redstone_torch":20,"minecraft:cobblestone_slab":109,"minecraft:calcite":11,"minecraft:iron_pickaxe":7,"minecraft:iron_boots":1,"minecraft:stick":321,"create:mechanical_mixer":1,"minecraft:jungle_door":2,"minecraft:oak_fence":31,"minecraft:torch":356,"create:redstone_contact":12,"minecraft:diorite":1131,"create:framed_glass":6,"create:large_cogwheel":10,"minecraft:cactus":9,"minecraft:rotten_flesh":186,"create:veridium":117,"minecraft:obsidian":10,"create:speedometer":2,"minecraft:cobblestone":8869,"create:fluid_tank":1,"minecraft:andesite":1327,"minecraft:golden_leggings":7,"minecraft:potato":1,"create:belt_connector":3,"minecraft:tuff":170,"create:raw_zinc":250,"minecraft:lapis_lazuli":24,"minecraft:dirt":4666,"minecraft:polished_granite":109,"minecraft:glass":4,"minecraft:bone":78,"minecraft:bow":3,"minecraft:wheat_seeds":3795,"minecraft:raw_gold":86,"minecraft:bamboo":17,"minecraft:powered_rail":5,"minecraft:oak_planks":626,"create:cogwheel":25,"create:cuckoo_clock":3,"minecraft:jungle_planks":43,"minecraft:sand":238,"minecraft:jungle_slab":52,"minecraft:diamond":4,"minecraft:crossbow":6,"minecraft:bone_meal":108,"minecraft:golden_apple":1,"minecraft:emerald":3,"minecraft:oak_sapling":268,"minecraft:netherrack":525,"create:stressometer":16,"minecraft:andesite_slab":4,"minecraft:cocoa_beans":60,"minecraft:charcoal":2,"minecraft:azure_bluet":3,"minecraft:ladder":59,"minecraft:chest_minecart":1,"create:rotation_speed_controller":12,"minecraft:gold_block":2,"minecraft:shield":7,"minecraft:oak_trapdoor":3,"minecraft:item_frame":1,"create:chute":1,"minecraft:detector_rail":2,"minecraft:oak_boat":1,"create:framed_glass_pane":16,"create:basin":1,"minecraft:sugar_cane":92,"minecraft:raw_iron":341,"create:golden_sheet":9,"minecraft:copper_ingot":27,"minecraft:cookie":4,"create:hand_crank":16,"minecraft:arrow":158,"minecraft:jungle_stairs":7,"minecraft:nether_bricks":20,"minecraft:basalt":5,"minecraft:glow_ink_sac":3,"minecraft:salmon":1,"minecraft:leather":2,"minecraft:crimson_fungus":1,"create:andesite_alloy":23,"minecraft:cobblestone_stairs":139,"minecraft:nether_wart_block":5,"minecraft:gunpowder":20,"minecraft:cooked_mutton":1,"minecraft:heart_of_the_sea":1,"minecraft:iron_ingot":19,"minecraft:soul_sand":14,"create:elevator_pulley":1,"minecraft:oak_slab":10,"minecraft:warped_fungus":14,"create:large_water_wheel":2,"minecraft:quartz":57,"minecraft:dandelion":6,"minecraft:amethyst_shard":2,"minecraft:spider_eye":18,"create:wheat_flour":68,"minecraft:stripped_jungle_log":1,"minecraft:pumpkin_seeds":2,"minecraft:iron_helmet":1,"create:rose_quartz_lamp":8,"minecraft:coal":245},"minecraft:dropped":{"minecraft:iron_sword":6,"minecraft:crafting_table":9,"minecraft:dirt":11,"minecraft:yellow_dye":2,"minecraft:sand":1,"minecraft:sugar":4,"minecraft:bone":2,"minecraft:iron_nugget":643,"minecraft:wheat":63,"minecraft:obsidian":1,"minecraft:rotten_flesh":96,"minecraft:egg":4,"minecraft:iron_ingot":19,"create:rose_quartz":31,"minecraft:wheat_seeds":23,"minecraft:cobblestone":358,"minecraft:granite":52,"minecraft:string":25,"create:zinc_ingot":45,"minecraft:oak_log":1,"create:filter":1,"minecraft:cobblestone_stairs":1,"create:iron_sheet":1,"minecraft:gold_ingot":16,"minecraft:gravel":19,"minecraft:andesite_slab":3,"create:wheat_flour":392,"minecraft:powered_rail":2,"minecraft:copper_ingot":106,"create:cinder_flour":4,"minecraft:blue_dye":2,"minecraft:torch":1,"minecraft:bucket":9,"minecraft:kelp":30,"minecraft:tuff":2,"minecraft:andesite":716,"minecraft:oak_sapling":6,"minecraft:stone_pickaxe":1},"minecraft:crafted":{"minecraft:chain":2,"minecraft:lever":4,"create:item_vault":3,"minecraft:cooked_mutton":3,"minecraft:iron_bars":16,"create:vertical_gearbox":8,"minecraft:glass":89,"create:rotation_speed_controller":2,"create:andesite_funnel":8,"create:mechanical_press":5,"minecraft:dried_kelp_block":2,"railways:handcar":1,"create:brass_funnel":6,"create:cogwheel":226,"minecraft:flower_pot":1,"create:flywheel":1,"minecraft:deepslate":4,"minecraft:wooden_shovel":2,"create:rose_quartz":30,"create:adjustable_chain_gearshift":1,"minecraft:clock":1,"minecraft:brown_bed":1,"minecraft:copper_ingot":302,"minecraft:hay_block":18,"minecraft:campfire":5,"create:encased_chain_drive":27,"create:mechanical_mixer":1,"create:clutch":1,"minecraft:cartography_table":1,"create:gearbox":25,"create:encased_fan":1,"minecraft:wooden_hoe":4,"minecraft:golden_leggings":1,"railways:small_buffer":16,"minecraft:stone_slab":80,"minecraft:compass":6,"minecraft:iron_pickaxe":10,"minecraft:iron_block":5,"minecraft:gold_ingot":96,"minecraft:light_gray_dye":3,"create:large_cogwheel":43,"create:propeller":1,"create:elevator_pulley":1,"minecraft:composter":1,"minecraft:stone_shovel":30,"create:wrench":3,"minecraft:iron_nugget":1413,"minecraft:bone_meal":60,"create:copper_backtank":1,"create:contraption_controls":2,"minecraft:polished_diorite":260,"minecraft:ladder":27,"minecraft:stone_pickaxe":106,"create:hose_pulley":1,"minecraft:jungle_fence":24,"create:electron_tube":25,"create:belt_connector":20,"create:mechanical_roller":5,"create:blue_seat":1,"minecraft:wheat":162,"create:andesite_door":3,"create:brass_tunnel":2,"minecraft:dried_kelp":170,"create:dough":60,"create:goggles":2,"create:redstone_contact":6,"minecraft:polished_granite":916,"minecraft:jungle_slab":42,"create:speedometer":4,"minecraft:oak_chest_boat":1,"minecraft:andesite_slab":252,"minecraft:wooden_axe":5,"minecraft:oak_stairs":120,"create:shaft":392,"minecraft:brick":4,"minecraft:oak_planks":2288,"minecraft:cobblestone_slab":208,"minecraft:barrel":64,"minecraft:polished_granite_slab":128,"minecraft:oak_hanging_sign":6,"minecraft:cobblestone_stairs":226,"minecraft:stone":78,"create:copper_door":3,"create:deployer":6,"minecraft:green_dye":4,"minecraft:hopper":3,"minecraft:bow":1,"minecraft:iron_boots":1,"minecraft:chest":12,"create:spout":1,"minecraft:oak_button":5,"minecraft:copper_block":9,"create:cuckoo_clock":1,"minecraft:jungle_stairs":24,"minecraft:oak_fence":75,"create:brass_hand":6,"create:track_station":2,"minecraft:oak_slab":150,"minecraft:item_frame":1,"create:depot":1,"minecraft:cauldron":1,"minecraft:map":2,"minecraft:crafting_table":19,"create:fluid_pipe":40,"minecraft:wooden_pickaxe":1,"minecraft:iron_helmet":1,"minecraft:brown_dye":3,"create:sand_paper":4,"create:stressometer":4,"create:rose_quartz_lamp":3,"create:controls":1,"minecraft:iron_chestplate":2,"minecraft:paper":42,"minecraft:diamond_pickaxe":1,"minecraft:charcoal":78,"create:water_wheel":7,"minecraft:yellow_dye":6,"minecraft:shield":6,"create:super_glue":1,"create:framed_glass":45,"minecraft:stick":532,"create:mechanical_pump":5,"minecraft:iron_ingot":334,"minecraft:stone_sword":1,"create:clipboard":1,"minecraft:redstone_torch":3,"create:industrial_iron_block":10,"create:empty_blaze_burner":11,"create:chute":8,"minecraft:wooden_sword":1,"minecraft:oak_door":9,"minecraft:cookie":160,"create:steam_engine":5,"minecraft:furnace":5,"minecraft:jungle_trapdoor":16,"create:experience_nugget":18,"minecraft:oak_trapdoor":4,"minecraft:flint_and_steel":1,"minecraft:iron_axe":3,"minecraft:polished_granite_stairs":130,"create:millstone":1,"minecraft:slime_ball":2,"minecraft:lime_dye":8,"create:fluid_tank":37,"create:basin":2,"create:framed_glass_pane":64,"create:filter":1,"minecraft:sugar":20,"create:steam_whistle":3,"create:andesite_alloy":42,"create:hand_crank":1,"minecraft:diamond_sword":1,"minecraft:iron_sword":7,"create:large_water_wheel":4,"minecraft:cooked_salmon":1,"create:item_drain":1,"minecraft:bucket":3,"minecraft:stone_axe":21,"minecraft:bread":404,"minecraft:air":0,"minecraft:jungle_planks":300,"minecraft:blue_dye":5,"minecraft:oak_boat":1,"minecraft:jungle_door":3,"minecraft:white_wool":2,"create:whisk":1,"minecraft:white_dye":4,"minecraft:brown_wool":3,"create:mechanical_crafter":21,"minecraft:blue_wool":1,"minecraft:stonecutter":1,"create:mechanical_drill":67,"create:copper_diving_helmet":1,"minecraft:torch":488,"create:zinc_ingot":85,"create:experience_block":2}},"DataVersion":3465}