{"stats":{"minecraft:killed_by":{"minecraft:creeper":1,"minecraft:zombie":1},"minecraft:custom":{"minecraft:interact_with_crafting_table":215,"minecraft:open_barrel":283,"minecraft:leave_game":7,"minecraft:time_since_death":326427,"minecraft:sprint_one_cm":848965,"minecraft:damage_blocked_by_shield":1615,"minecraft:drop":47,"minecraft:play_time":850143,"minecraft:deaths":2,"minecraft:jump":3556,"minecraft:walk_on_water_one_cm":357392,"minecraft:interact_with_furnace":73,"minecraft:sleep_in_bed":20,"minecraft:damage_dealt":9870,"minecraft:crouch_one_cm":24856,"minecraft:mob_kills":55,"minecraft:climb_one_cm":42244,"minecraft:walk_one_cm":2896012,"minecraft:sneak_time":19357,"minecraft:walk_under_water_one_cm":248332,"minecraft:total_world_time":850143,"minecraft:time_since_rest":26259,"minecraft:damage_taken":3970,"minecraft:swim_one_cm":10609,"minecraft:fly_one_cm":58455,"minecraft:open_chest":25,"minecraft:fall_one_cm":39129},"minecraft:picked_up":{"minecraft:iron_chestplate":1,"minecraft:wheat":199,"minecraft:lead":3,"minecraft:brown_bed":1,"create:item_drain":1,"minecraft:amethyst_block":1,"minecraft:string":28,"minecraft:raw_copper":169,"create:mechanical_press":2,"minecraft:cobbled_deepslate":72,"minecraft:redstone_torch":1,"minecraft:cobblestone_slab":2,"minecraft:calcite":3,"minecraft:iron_pickaxe":1,"minecraft:melon_slice":14,"minecraft:iron_boots":1,"minecraft:stick":59,"minecraft:torch":134,"create:andesite_casing":11,"minecraft:diorite":390,"create:large_cogwheel":3,"minecraft:stone_sword":2,"minecraft:rotten_flesh":30,"create:copper_casing":2,"minecraft:cobblestone":2225,"create:fluid_tank":1,"minecraft:jungle_log":7,"minecraft:andesite":118,"minecraft:flint":2,"minecraft:tuff":118,"create:raw_zinc":10,"minecraft:dirt":3195,"minecraft:lapis_lazuli":24,"create:encased_chain_drive":7,"minecraft:bone":21,"minecraft:bow":1,"minecraft:wheat_seeds":607,"minecraft:raw_gold":38,"create:shaft":11,"minecraft:bamboo":13,"minecraft:oak_planks":105,"create:cogwheel":4,"create:cuckoo_clock":3,"minecraft:sand":33,"minecraft:jungle_planks":9,"create:steam_whistle":2,"minecraft:ink_sac":3,"minecraft:lever":5,"minecraft:granite":162,"minecraft:rooted_dirt":2,"minecraft:oak_sapling":108,"minecraft:cocoa_beans":45,"create:copper_sheet":25,"minecraft:charcoal":2,"minecraft:crafting_table":3,"minecraft:clay_ball":4,"minecraft:shield":1,"minecraft:oak_trapdoor":2,"create:fluid_pipe":19,"minecraft:sugar_cane":21,"minecraft:raw_iron":85,"minecraft:sandstone":1,"minecraft:oak_door":12,"create:golden_sheet":7,"minecraft:copper_ingot":12,"minecraft:cookie":4,"create:hand_crank":1,"minecraft:redstone":70,"create:vertical_gearbox":3,"minecraft:arrow":24,"minecraft:stone_shovel":3,"minecraft:gold_ingot":1,"minecraft:mutton":3,"minecraft:white_wool":3,"minecraft:rail":3,"minecraft:stripped_oak_log":8,"minecraft:glow_ink_sac":2,"minecraft:salmon":1,"minecraft:leather":2,"minecraft:oak_log":394,"minecraft:gunpowder":1,"minecraft:cobblestone_stairs":50,"minecraft:white_banner":2,"minecraft:cooked_mutton":1,"minecraft:apple":17,"minecraft:kelp":15,"minecraft:stone_pickaxe":3,"minecraft:oak_slab":6,"minecraft:smooth_basalt":1,"create:large_water_wheel":1,"create:hose_pulley":1,"minecraft:gravel":65,"minecraft:amethyst_shard":2,"minecraft:spider_eye":4,"create:gearbox":2,"minecraft:stone_axe":2,"minecraft:polished_diorite":9,"minecraft:iron_helmet":1,"create:mechanical_pump":3,"minecraft:coal":80,"minecraft:ender_pearl":2},"minecraft:dropped":{"minecraft:gold_ingot":8,"minecraft:wheat_seeds":1,"minecraft:copper_ingot":36,"minecraft:oak_sapling":2},"minecraft:crafted":{"minecraft:oak_planks":628,"minecraft:cobblestone_slab":60,"minecraft:barrel":7,"minecraft:chain":2,"minecraft:oak_hanging_sign":6,"minecraft:cobblestone_stairs":68,"minecraft:lever":1,"minecraft:cooked_mutton":3,"minecraft:iron_bars":16,"create:vertical_gearbox":2,"minecraft:glass":3,"minecraft:bow":1,"minecraft:iron_boots":1,"create:mechanical_press":1,"minecraft:chest":2,"minecraft:copper_block":1,"create:cuckoo_clock":1,"minecraft:dried_kelp_block":1,"create:cogwheel":26,"minecraft:oak_fence":54,"minecraft:oak_slab":24,"minecraft:wooden_shovel":2,"minecraft:crafting_table":4,"create:fluid_pipe":32,"minecraft:wooden_pickaxe":1,"minecraft:iron_helmet":1,"minecraft:brown_dye":3,"minecraft:clock":1,"minecraft:brown_bed":1,"minecraft:copper_ingot":62,"minecraft:campfire":5,"create:encased_chain_drive":4,"create:gearbox":5,"minecraft:wooden_hoe":2,"minecraft:iron_chestplate":1,"minecraft:charcoal":27,"create:water_wheel":1,"minecraft:shield":1,"minecraft:stick":168,"create:mechanical_pump":1,"minecraft:iron_ingot":78,"minecraft:iron_pickaxe":1,"minecraft:iron_block":1,"minecraft:stone_sword":1,"minecraft:gold_ingot":38,"create:large_cogwheel":2,"minecraft:redstone_torch":1,"minecraft:wooden_sword":1,"minecraft:oak_door":3,"minecraft:cookie":160,"minecraft:stone_shovel":20,"create:wrench":1,"create:steam_engine":1,"minecraft:iron_nugget":81,"minecraft:furnace":3,"minecraft:oak_trapdoor":2,"minecraft:polished_diorite":116,"minecraft:stone_pickaxe":23,"create:fluid_tank":4,"create:hose_pulley":1,"create:steam_whistle":3,"create:andesite_alloy":25,"create:hand_crank":1,"minecraft:dried_kelp":15,"minecraft:iron_sword":1,"create:large_water_wheel":1,"minecraft:cooked_salmon":1,"create:item_drain":1,"minecraft:bucket":1,"minecraft:stone_axe":3,"minecraft:bread":52,"minecraft:air":0,"minecraft:jungle_planks":24,"minecraft:brown_wool":3,"minecraft:wooden_axe":5,"minecraft:oak_stairs":8,"create:shaft":48,"minecraft:torch":148},"minecraft:mined":{"create:deepslate_zinc_ore":10,"minecraft:oak_sapling":2,"create:copper_casing":2,"create:andesite_casing":11,"minecraft:cobblestone_stairs":51,"minecraft:jungle_leaves":2,"minecraft:granite":63,"minecraft:cave_vines_plant":1,"minecraft:budding_amethyst":1,"minecraft:grass_block":659,"minecraft:jungle_log":7,"minecraft:polished_diorite":9,"minecraft:spawner":1,"minecraft:tall_seagrass":1,"minecraft:iron_ore":35,"minecraft:brown_bed":1,"minecraft:dirt_path":1,"minecraft:white_banner":1,"create:mechanical_press":2,"create:item_drain":1,"minecraft:deepslate_redstone_ore":14,"create:cogwheel":4,"minecraft:kelp_plant":1,"create:steam_whistle_extension":13,"minecraft:clay":1,"minecraft:torch":10,"minecraft:calcite":3,"minecraft:melon":3,"minecraft:cobblestone":360,"minecraft:oak_planks":90,"minecraft:sugar_cane":10,"minecraft:wall_torch":42,"minecraft:amethyst_block":1,"create:cuckoo_clock":3,"create:large_water_wheel":1,"minecraft:wheat":202,"minecraft:grass":340,"minecraft:oak_log":368,"minecraft:sand":33,"minecraft:dirt":2061,"create:encased_chain_drive":7,"minecraft:smooth_basalt":1,"minecraft:oak_leaves":421,"minecraft:deepslate":67,"minecraft:tuff":115,"minecraft:oak_door":8,"create:fluid_tank":1,"minecraft:glow_lichen":1,"minecraft:lever":5,"create:large_cogwheel":3,"minecraft:jungle_planks":9,"minecraft:redstone_wire":5,"minecraft:kelp":2,"minecraft:sandstone":1,"minecraft:rooted_dirt":2,"create:shaft":11,"minecraft:oak_trapdoor":2,"minecraft:andesite":73,"minecraft:vine":10,"minecraft:cobblestone_slab":1,"minecraft:deepslate_iron_ore":43,"minecraft:rail":3,"minecraft:stripped_oak_log":7,"minecraft:bamboo":1,"minecraft:stone":1764,"minecraft:oak_slab":6,"create:hose_pulley":1,"minecraft:crafting_table":3,"create:fluid_pipe":19,"create:mechanical_pump":3,"minecraft:campfire":1,"minecraft:copper_ore":42,"minecraft:tall_grass":1,"minecraft:lapis_ore":2,"minecraft:deepslate_gold_ore":38,"minecraft:diorite":272,"create:gearbox":5,"minecraft:redstone_torch":1,"minecraft:coal_ore":80,"minecraft:cocoa":15,"minecraft:gravel":42,"minecraft:cobweb":22,"minecraft:fern":119},"minecraft:used":{"minecraft:chest":2,"minecraft:shield":67,"minecraft:iron_sword":95,"create:fluid_tank":5,"minecraft:cocoa_beans":22,"create:cogwheel":13,"minecraft:jungle_planks":33,"minecraft:tuff":13,"minecraft:glass":3,"minecraft:iron_helmet":1,"create:shaft":29,"create:steam_engine":1,"minecraft:furnace":3,"minecraft:oak_sapling":75,"minecraft:diorite":51,"minecraft:stone_pickaxe":2908,"minecraft:oak_planks":327,"minecraft:wooden_pickaxe":57,"minecraft:sugar_cane":21,"minecraft:cookie":160,"minecraft:sand":27,"minecraft:redstone_torch":1,"minecraft:lever":5,"minecraft:melon_slice":14,"minecraft:bread":30,"minecraft:gravel":13,"minecraft:wooden_sword":56,"minecraft:andesite":4,"create:steam_whistle":2,"create:vertical_gearbox":5,"minecraft:oak_hanging_sign":1,"create:large_cogwheel":8,"minecraft:oak_fence":54,"minecraft:oak_trapdoor":2,"minecraft:stone_sword":116,"minecraft:stone_shovel":2258,"minecraft:redstone":5,"create:cuckoo_clock":4,"minecraft:wooden_shovel":123,"minecraft:cooked_salmon":1,"minecraft:oak_door":11,"minecraft:torch":197,"create:mechanical_pump":4,"minecraft:dirt":1871,"minecraft:polished_diorite":123,"minecraft:wooden_axe":302,"create:wrench":20,"create:gearbox":4,"minecraft:oak_stairs":6,"minecraft:rooted_dirt":2,"create:hose_pulley":2,"minecraft:jungle_log":1,"minecraft:iron_boots":1,"minecraft:barrel":3,"minecraft:bamboo":1,"create:encased_chain_drive":11,"create:fluid_pipe":47,"minecraft:brown_bed":2,"minecraft:wheat_seeds":257,"minecraft:cooked_mutton":3,"minecraft:water_bucket":5,"minecraft:cobblestone_stairs":110,"minecraft:cobblestone_slab":62,"create:item_drain":1,"minecraft:crafting_table":7,"minecraft:oak_slab":7,"minecraft:campfire":5,"minecraft:oak_log":166,"minecraft:wooden_hoe":83,"minecraft:apple":8,"create:mechanical_press":3,"minecraft:iron_pickaxe":193,"create:large_water_wheel":2,"minecraft:stone_axe":267,"minecraft:cobblestone":1862,"minecraft:white_banner":2,"minecraft:bucket":6,"create:hand_crank":2,"minecraft:stripped_oak_log":1},"minecraft:broken":{"minecraft:wooden_shovel":2,"minecraft:stone_pickaxe":22,"minecraft:stone_axe":2,"minecraft:wooden_axe":4,"minecraft:stone_shovel":17,"minecraft:wooden_hoe":1},"minecraft:killed":{"minecraft:cave_spider":3,"minecraft:spider":4,"minecraft:skeleton":9,"minecraft:creeper":1,"minecraft:sheep":3,"minecraft:pillager":2,"minecraft:zombie":20,"minecraft:drowned":7,"minecraft:bat":1,"minecraft:enderman":2}},"DataVersion":3465}