{"stats":{"minecraft:killed_by":{"minecraft:creeper":1,"minecraft:zombie":1},"minecraft:broken":{"minecraft:wooden_shovel":2,"minecraft:stone_pickaxe":35,"minecraft:stone_axe":2,"minecraft:wooden_axe":4,"minecraft:stone_shovel":17,"minecraft:iron_pickaxe":1,"minecraft:wooden_hoe":1},"minecraft:killed":{"minecraft:cave_spider":3,"minecraft:spider":9,"minecraft:skeleton":15,"minecraft:creeper":4,"minecraft:sheep":3,"minecraft:pillager":2,"minecraft:zombie":42,"minecraft:drowned":11,"minecraft:bat":1,"minecraft:enderman":2},"minecraft:mined":{"create:deepslate_zinc_ore":37,"create:copper_casing":2,"minecraft:oak_sapling":3,"create:andesite_casing":13,"minecraft:cobblestone_stairs":55,"minecraft:jungle_leaves":8,"minecraft:cave_vines_plant":1,"minecraft:granite":134,"minecraft:budding_amethyst":1,"minecraft:grass_block":670,"minecraft:jungle_log":16,"minecraft:polished_diorite":13,"minecraft:spawner":1,"minecraft:tall_seagrass":1,"minecraft:iron_ore":82,"minecraft:cobbled_deepslate":2,"minecraft:brown_bed":1,"minecraft:dirt_path":2,"minecraft:oak_stairs":10,"minecraft:white_banner":1,"create:mechanical_press":2,"create:limestone":21,"create:item_drain":1,"minecraft:deepslate_redstone_ore":28,"create:cogwheel":12,"minecraft:kelp_plant":3,"create:steam_whistle_extension":13,"minecraft:clay":1,"minecraft:torch":15,"minecraft:calcite":7,"minecraft:melon":3,"minecraft:nether_quartz_ore":24,"minecraft:cobblestone":484,"minecraft:sugar_cane":28,"minecraft:oak_planks":119,"minecraft:wall_torch":65,"create:cuckoo_clock":3,"minecraft:amethyst_block":1,"minecraft:cauldron":2,"create:large_water_wheel":1,"create:basin":1,"minecraft:wheat":312,"create:mechanical_mixer":1,"minecraft:grass":349,"minecraft:oak_log":455,"create:hand_crank":1,"minecraft:sand":36,"minecraft:dirt":2159,"create:encased_chain_drive":7,"minecraft:smooth_basalt":1,"minecraft:netherrack":21,"minecraft:oak_leaves":515,"minecraft:deepslate":146,"minecraft:nether_gold_ore":7,"create:zinc_ore":41,"minecraft:tuff":123,"minecraft:oak_door":8,"create:fluid_tank":1,"minecraft:glow_lichen":1,"minecraft:lever":5,"create:large_cogwheel":5,"minecraft:jungle_planks":9,"minecraft:redstone_wire":5,"minecraft:kelp":2,"minecraft:sandstone":1,"minecraft:rooted_dirt":2,"create:shaft":12,"minecraft:oak_trapdoor":2,"create:scorchia":1,"minecraft:andesite":190,"minecraft:deepslate_iron_ore":50,"minecraft:cobblestone_slab":6,"minecraft:vine":14,"minecraft:rail":3,"minecraft:stripped_oak_log":7,"minecraft:bamboo":1,"minecraft:stone":2775,"minecraft:oak_slab":6,"create:hose_pulley":1,"minecraft:soul_sand":1,"minecraft:crafting_table":3,"create:fluid_pipe":30,"create:mechanical_pump":4,"create:water_wheel":1,"minecraft:campfire":1,"minecraft:tall_grass":1,"minecraft:copper_ore":76,"minecraft:lapis_ore":2,"minecraft:deepslate_gold_ore":47,"minecraft:diorite":331,"create:gearbox":11,"minecraft:redstone_torch":1,"minecraft:coal_ore":121,"minecraft:cocoa":15,"minecraft:gravel":46,"minecraft:cobweb":22,"minecraft:fern":125},"minecraft:picked_up":{"minecraft:iron_chestplate":1,"minecraft:wheat":300,"minecraft:lead":3,"minecraft:oak_stairs":10,"minecraft:brown_bed":1,"create:item_drain":1,"minecraft:amethyst_block":1,"minecraft:raw_copper":280,"minecraft:string":31,"create:limestone":21,"create:water_wheel":1,"minecraft:gold_nugget":28,"create:mechanical_press":2,"minecraft:cobbled_deepslate":149,"minecraft:bucket":1,"minecraft:redstone_torch":1,"minecraft:cobblestone_slab":7,"minecraft:calcite":7,"minecraft:iron_pickaxe":1,"minecraft:melon_slice":14,"minecraft:iron_boots":1,"minecraft:stick":65,"create:mechanical_mixer":1,"minecraft:torch":164,"create:andesite_casing":13,"minecraft:diorite":449,"minecraft:cauldron":2,"create:large_cogwheel":6,"minecraft:stone_sword":2,"minecraft:rotten_flesh":51,"create:copper_casing":2,"minecraft:cobblestone":3350,"create:fluid_tank":1,"minecraft:water_bucket":4,"minecraft:andesite":242,"minecraft:jungle_log":16,"minecraft:flint":2,"minecraft:tuff":125,"create:raw_zinc":78,"minecraft:lapis_lazuli":24,"minecraft:dirt":3338,"create:encased_chain_drive":7,"minecraft:bone":25,"minecraft:bow":2,"minecraft:wheat_seeds":905,"minecraft:raw_gold":47,"create:shaft":12,"minecraft:bamboo":13,"minecraft:oak_planks":134,"create:cogwheel":12,"create:cuckoo_clock":3,"minecraft:jungle_planks":9,"minecraft:sand":36,"create:steam_whistle":2,"minecraft:ink_sac":3,"minecraft:lever":5,"minecraft:granite":233,"minecraft:bone_meal":17,"minecraft:bread":60,"minecraft:rooted_dirt":2,"minecraft:oak_sapling":118,"minecraft:netherrack":21,"create:copper_sheet":33,"minecraft:cocoa_beans":45,"minecraft:charcoal":2,"minecraft:crafting_table":3,"minecraft:clay_ball":4,"minecraft:shield":1,"minecraft:oak_trapdoor":2,"create:fluid_pipe":30,"create:scorchia":1,"create:basin":1,"minecraft:iron_nugget":2,"minecraft:sugar_cane":48,"minecraft:raw_iron":139,"minecraft:sandstone":1,"minecraft:oak_door":12,"create:golden_sheet":9,"minecraft:copper_ingot":13,"minecraft:cookie":4,"create:hand_crank":5,"minecraft:redstone":137,"create:vertical_gearbox":9,"minecraft:stone_shovel":3,"minecraft:arrow":31,"minecraft:gold_ingot":1,"minecraft:mutton":3,"minecraft:white_wool":3,"minecraft:rail":3,"minecraft:stripped_oak_log":8,"create:iron_sheet":11,"minecraft:glow_ink_sac":3,"minecraft:salmon":1,"minecraft:leather":2,"minecraft:oak_log":481,"minecraft:gunpowder":3,"minecraft:cobblestone_stairs":54,"minecraft:white_banner":2,"minecraft:cooked_mutton":1,"minecraft:apple":17,"minecraft:kelp":39,"minecraft:iron_ingot":7,"minecraft:stone_pickaxe":3,"minecraft:soul_sand":1,"minecraft:oak_slab":6,"minecraft:smooth_basalt":1,"create:large_water_wheel":1,"create:hose_pulley":1,"minecraft:quartz":24,"minecraft:gravel":69,"minecraft:amethyst_shard":2,"minecraft:spider_eye":6,"create:gearbox":2,"create:wheat_flour":68,"minecraft:polished_diorite":13,"minecraft:stone_axe":2,"create:mechanical_pump":4,"minecraft:iron_helmet":1,"minecraft:coal":121,"minecraft:ender_pearl":2},"minecraft:custom":{"minecraft:interact_with_crafting_table":339,"minecraft:open_barrel":645,"minecraft:leave_game":11,"minecraft:time_since_death":914107,"minecraft:sprint_one_cm":1292195,"minecraft:damage_blocked_by_shield":2766,"minecraft:drop":593,"minecraft:play_time":1437823,"minecraft:deaths":2,"minecraft:jump":6641,"minecraft:walk_on_water_one_cm":430120,"minecraft:interact_with_furnace":128,"minecraft:interact_with_cartography_table":3,"minecraft:sleep_in_bed":24,"minecraft:damage_dealt":16696,"minecraft:crouch_one_cm":38695,"minecraft:mob_kills":95,"minecraft:interact_with_campfire":60,"minecraft:climb_one_cm":65080,"minecraft:walk_one_cm":4877474,"minecraft:sneak_time":29776,"minecraft:walk_under_water_one_cm":277464,"minecraft:total_world_time":1437823,"minecraft:pot_flower":1,"minecraft:time_since_rest":42820,"minecraft:damage_taken":5974,"minecraft:swim_one_cm":19062,"minecraft:fly_one_cm":87564,"minecraft:open_chest":30,"minecraft:fall_one_cm":77352},"minecraft:crafted":{"minecraft:brick":4,"minecraft:oak_planks":784,"minecraft:cobblestone_slab":66,"minecraft:barrel":13,"minecraft:chain":2,"minecraft:oak_hanging_sign":6,"minecraft:cobblestone_stairs":72,"minecraft:lever":1,"minecraft:cooked_mutton":3,"minecraft:iron_bars":16,"create:vertical_gearbox":2,"minecraft:glass":5,"minecraft:bow":1,"minecraft:iron_boots":1,"create:mechanical_press":1,"minecraft:chest":2,"create:spout":1,"minecraft:oak_button":1,"minecraft:copper_block":2,"create:cuckoo_clock":1,"minecraft:dried_kelp_block":1,"create:cogwheel":52,"minecraft:oak_fence":60,"minecraft:flower_pot":1,"minecraft:oak_slab":48,"create:depot":1,"minecraft:deepslate":4,"minecraft:wooden_shovel":2,"create:rose_quartz":1,"minecraft:cauldron":1,"minecraft:map":1,"minecraft:crafting_table":6,"minecraft:wooden_pickaxe":1,"create:fluid_pipe":32,"minecraft:iron_helmet":1,"minecraft:brown_dye":3,"minecraft:clock":1,"minecraft:brown_bed":1,"minecraft:copper_ingot":105,"create:sand_paper":1,"minecraft:hay_block":5,"minecraft:campfire":5,"create:encased_chain_drive":7,"create:mechanical_mixer":1,"minecraft:cartography_table":1,"create:gearbox":6,"minecraft:charcoal":52,"minecraft:iron_chestplate":1,"minecraft:wooden_hoe":2,"minecraft:paper":21,"minecraft:golden_leggings":1,"create:water_wheel":2,"minecraft:shield":1,"minecraft:stick":224,"create:mechanical_pump":2,"minecraft:iron_ingot":131,"minecraft:compass":1,"minecraft:iron_pickaxe":2,"minecraft:iron_block":1,"minecraft:stone_sword":1,"minecraft:gold_ingot":41,"create:large_cogwheel":10,"minecraft:redstone_torch":1,"minecraft:composter":1,"create:empty_blaze_burner":1,"minecraft:wooden_sword":1,"minecraft:oak_door":3,"minecraft:cookie":160,"minecraft:stone_shovel":20,"create:wrench":1,"create:steam_engine":2,"minecraft:iron_nugget":153,"minecraft:furnace":4,"create:contraption_controls":1,"minecraft:oak_trapdoor":2,"minecraft:flint_and_steel":1,"minecraft:polished_diorite":172,"create:millstone":1,"minecraft:stone_pickaxe":35,"create:fluid_tank":8,"create:hose_pulley":1,"create:basin":1,"create:electron_tube":1,"create:belt_connector":4,"create:steam_whistle":3,"create:andesite_alloy":37,"create:hand_crank":1,"minecraft:dried_kelp":39,"minecraft:iron_sword":3,"create:dough":58,"create:goggles":1,"create:large_water_wheel":1,"minecraft:cooked_salmon":1,"minecraft:polished_granite":24,"create:item_drain":1,"minecraft:bucket":2,"minecraft:stone_axe":5,"minecraft:bread":57,"minecraft:air":0,"minecraft:jungle_planks":24,"create:whisk":1,"minecraft:andesite_slab":6,"minecraft:brown_wool":3,"minecraft:wooden_axe":5,"minecraft:oak_stairs":20,"create:shaft":104,"minecraft:torch":240,"create:zinc_ingot":54},"minecraft:dropped":{"minecraft:oak_log":1,"create:iron_sheet":1,"minecraft:gold_ingot":10,"minecraft:iron_nugget":21,"minecraft:wheat":54,"create:wheat_flour":392,"minecraft:iron_ingot":17,"create:rose_quartz":1,"minecraft:wheat_seeds":2,"minecraft:cobblestone":2,"minecraft:copper_ingot":49,"minecraft:bucket":8,"minecraft:tuff":2,"create:zinc_ingot":5,"minecraft:andesite":26,"minecraft:oak_sapling":2},"minecraft:used":{"create:scorchia":1,"minecraft:chest":2,"minecraft:shield":114,"minecraft:iron_sword":249,"create:fluid_tank":9,"minecraft:soul_sand":1,"minecraft:cocoa_beans":22,"create:cogwheel":102,"minecraft:jungle_planks":33,"create:depot":1,"minecraft:tuff":18,"minecraft:glass":3,"minecraft:lava_bucket":12,"minecraft:iron_helmet":1,"create:millstone":2,"minecraft:bow":25,"minecraft:hay_block":5,"create:shaft":146,"minecraft:oak_sapling":88,"create:steam_engine":3,"minecraft:furnace":4,"minecraft:diorite":73,"minecraft:stone_pickaxe":4592,"minecraft:oak_planks":376,"minecraft:wooden_pickaxe":57,"minecraft:composter":1,"minecraft:sugar_cane":21,"minecraft:cookie":160,"create:spout":1,"minecraft:sand":27,"minecraft:redstone_torch":1,"minecraft:lever":6,"minecraft:melon_slice":14,"minecraft:bread":82,"create:contraption_controls":1,"minecraft:polished_granite":16,"create:andesite_casing":1,"minecraft:gravel":17,"minecraft:wooden_sword":56,"create:basin":2,"minecraft:andesite":7,"create:steam_whistle":2,"create:vertical_gearbox":14,"minecraft:oak_hanging_sign":1,"create:large_cogwheel":38,"minecraft:oak_fence":60,"minecraft:oak_trapdoor":2,"minecraft:stone_sword":116,"minecraft:flint_and_steel":4,"minecraft:stone_shovel":2353,"minecraft:redstone":5,"create:cuckoo_clock":5,"minecraft:wooden_shovel":123,"minecraft:cooked_salmon":1,"minecraft:netherrack":6,"minecraft:oak_door":11,"minecraft:torch":307,"create:mechanical_pump":7,"minecraft:dirt":2063,"create:mechanical_mixer":3,"minecraft:polished_diorite":180,"minecraft:wooden_axe":302,"create:wrench":369,"minecraft:filled_map":5,"create:gearbox":7,"minecraft:oak_stairs":28,"minecraft:rooted_dirt":2,"create:hose_pulley":2,"minecraft:jungle_log":1,"minecraft:iron_boots":1,"minecraft:barrel":5,"minecraft:bamboo":1,"create:encased_chain_drive":16,"create:fluid_pipe":90,"minecraft:cobbled_deepslate":73,"create:belt_connector":33,"minecraft:brown_bed":2,"minecraft:wheat_seeds":758,"minecraft:cooked_mutton":3,"minecraft:water_bucket":11,"minecraft:cobblestone_stairs":116,"minecraft:cartography_table":1,"minecraft:cauldron":2,"minecraft:cobblestone_slab":69,"minecraft:glow_ink_sac":1,"create:item_drain":2,"minecraft:crafting_table":8,"minecraft:oak_slab":7,"minecraft:campfire":5,"minecraft:oak_log":201,"minecraft:wooden_hoe":83,"minecraft:flower_pot":1,"minecraft:apple":8,"create:mechanical_press":3,"minecraft:iron_pickaxe":338,"minecraft:map":1,"create:water_wheel":4,"create:large_water_wheel":2,"minecraft:stone_axe":452,"minecraft:cobblestone":2419,"minecraft:white_banner":2,"minecraft:bucket":82,"create:hand_crank":11,"minecraft:stripped_oak_log":1}},"DataVersion":3465}