{"stats":{"minecraft:killed":{"minecraft:cave_spider":7,"minecraft:spider":17,"minecraft:skeleton":41,"minecraft:zombie_villager":1,"minecraft:creeper":12,"minecraft:sheep":3,"minecraft:pillager":6,"minecraft:zombie":78,"minecraft:drowned":14,"minecraft:bat":1,"minecraft:enderman":8},"minecraft:dropped":{"minecraft:iron_sword":1,"minecraft:oak_log":1,"minecraft:crafting_table":9,"create:filter":1,"minecraft:dirt":9,"minecraft:yellow_dye":2,"minecraft:sugar":1,"create:iron_sheet":1,"minecraft:sand":1,"minecraft:gold_ingot":15,"minecraft:bone":1,"minecraft:iron_nugget":109,"minecraft:andesite_slab":3,"minecraft:wheat":63,"minecraft:rotten_flesh":48,"create:wheat_flour":392,"minecraft:egg":1,"minecraft:iron_ingot":17,"create:rose_quartz":17,"minecraft:wheat_seeds":2,"minecraft:cobblestone":49,"minecraft:granite":52,"minecraft:copper_ingot":96,"create:cinder_flour":1,"minecraft:blue_dye":2,"minecraft:torch":1,"minecraft:string":25,"minecraft:bucket":9,"minecraft:kelp":30,"minecraft:tuff":2,"create:zinc_ingot":35,"minecraft:andesite":113,"minecraft:oak_sapling":5},"minecraft:used":{"create:copper_door":3,"create:deployer":7,"create:scorchia":1,"minecraft:ladder":58,"minecraft:chest":4,"minecraft:shield":236,"minecraft:iron_sword":440,"minecraft:rotten_flesh":2,"minecraft:bell":1,"minecraft:iron_chestplate":1,"create:fluid_tank":13,"minecraft:soul_sand":6,"minecraft:cocoa_beans":22,"create:cogwheel":299,"minecraft:jungle_planks":33,"create:mechanical_crafter":21,"create:depot":2,"minecraft:tuff":52,"minecraft:glass":11,"minecraft:lava_bucket":24,"create:rose_quartz_lamp":13,"minecraft:iron_helmet":1,"create:millstone":2,"create:andesite_funnel":17,"create:shaft":311,"minecraft:magma_block":2,"minecraft:warped_fungus":1,"minecraft:item_frame":2,"minecraft:hay_block":18,"minecraft:bow":32,"minecraft:oak_sapling":124,"create:steam_engine":4,"minecraft:furnace":4,"minecraft:egg":1,"minecraft:oak_chest_boat":21,"minecraft:golden_boots":1,"minecraft:diorite":133,"create:crushing_wheel":6,"minecraft:stone_pickaxe":9286,"minecraft:oak_planks":409,"minecraft:cactus":5,"minecraft:wooden_pickaxe":57,"minecraft:sandstone":33,"minecraft:composter":1,"minecraft:sugar_cane":25,"minecraft:cookie":160,"create:spout":3,"minecraft:sand":64,"create:flywheel":9,"minecraft:crossbow":19,"minecraft:redstone_torch":21,"minecraft:lever":6,"create:copper_backtank":8,"minecraft:melon_slice":14,"minecraft:bread":234,"create:contraption_controls":5,"minecraft:polished_granite":196,"create:andesite_casing":5,"minecraft:gravel":18,"minecraft:nether_wart_block":5,"minecraft:diamond_sword":259,"minecraft:wooden_sword":56,"create:basin":5,"minecraft:andesite":7,"minecraft:oak_boat":1,"create:steam_whistle":2,"create:vertical_gearbox":26,"minecraft:oak_fence":78,"minecraft:oak_hanging_sign":1,"minecraft:bone_meal":46,"create:large_cogwheel":79,"minecraft:experience_bottle":1,"minecraft:oak_trapdoor":4,"minecraft:iron_bars":8,"minecraft:stone_sword":116,"railways:handcar":3,"minecraft:flint_and_steel":20,"minecraft:stone_shovel":2995,"minecraft:redstone":40,"create:cuckoo_clock":5,"minecraft:cooked_salmon":1,"minecraft:wooden_shovel":123,"minecraft:netherrack":237,"minecraft:oak_door":11,"minecraft:torch":559,"create:mechanical_pump":10,"minecraft:dirt":2756,"create:mechanical_mixer":3,"create:copper_casing":30,"create:redstone_contact":16,"minecraft:golden_chestplate":1,"minecraft:granite":26,"minecraft:polished_diorite":274,"create:chute":2,"minecraft:shroomlight":1,"minecraft:wooden_axe":302,"create:wrench":1155,"minecraft:filled_map":5,"create:gearbox":18,"minecraft:oak_stairs":28,"minecraft:rooted_dirt":2,"create:hose_pulley":2,"minecraft:jungle_log":1,"minecraft:iron_boots":1,"minecraft:barrel":20,"minecraft:bamboo":1,"create:encased_chain_drive":58,"minecraft:soul_soil":1,"create:fluid_pipe":102,"minecraft:cobbled_deepslate":126,"minecraft:brown_bed":2,"create:belt_connector":103,"minecraft:wheat_seeds":2255,"minecraft:cooked_mutton":3,"minecraft:water_bucket":34,"minecraft:cobblestone_stairs":252,"minecraft:cartography_table":1,"minecraft:andesite_slab":1,"minecraft:cobblestone_slab":109,"minecraft:cauldron":3,"minecraft:glow_ink_sac":1,"create:blaze_burner":2,"create:item_drain":3,"minecraft:crafting_table":18,"minecraft:oak_slab":7,"minecraft:campfire":5,"create:filter":22,"minecraft:oak_log":261,"create:track":30,"minecraft:wooden_hoe":92,"minecraft:flower_pot":1,"minecraft:diamond_pickaxe":9,"minecraft:apple":10,"create:mechanical_press":9,"minecraft:oak_button":5,"minecraft:iron_pickaxe":825,"minecraft:map":1,"create:water_wheel":15,"create:large_water_wheel":6,"minecraft:golden_leggings":1,"minecraft:stone_axe":889,"minecraft:cobblestone":4931,"minecraft:white_banner":2,"minecraft:bucket":123,"create:hand_crank":28,"minecraft:stripped_oak_log":4,"create:elevator_pulley":1},"minecraft:broken":{"minecraft:golden_boots":1,"minecraft:wooden_shovel":2,"minecraft:stone_pickaxe":68,"minecraft:stone_axe":3,"minecraft:wooden_axe":4,"minecraft:stone_shovel":22,"minecraft:iron_pickaxe":1,"minecraft:wooden_hoe":1,"create:sand_paper":1},"minecraft:killed_by":{"minecraft:creeper":1,"minecraft:zombie":1,"minecraft:hoglin":2,"minecraft:skeleton":2},"minecraft:mined":{"create:deepslate_zinc_ore":38,"minecraft:oak_sapling":4,"create:copper_casing":6,"create:andesite_casing":13,"minecraft:cobblestone_stairs":114,"minecraft:jungle_leaves":8,"minecraft:obsidian":9,"minecraft:cave_vines_plant":1,"minecraft:granite":777,"minecraft:budding_amethyst":1,"create:redstone_contact":3,"minecraft:grass_block":687,"minecraft:jungle_log":23,"minecraft:soul_soil":1,"minecraft:polished_diorite":30,"minecraft:crimson_fungus":1,"create:belt":1,"minecraft:spawner":2,"minecraft:tall_seagrass":1,"minecraft:magma_block":3,"minecraft:iron_ore":108,"minecraft:barrel":7,"minecraft:cobbled_deepslate":10,"minecraft:fire":11,"minecraft:azure_bluet":3,"minecraft:brown_bed":1,"minecraft:water_cauldron":1,"minecraft:dirt_path":2,"minecraft:iron_bars":4,"minecraft:oak_stairs":10,"minecraft:white_banner":1,"create:veridium":39,"create:mechanical_press":2,"create:limestone":21,"create:item_drain":1,"minecraft:deepslate_redstone_ore":62,"create:cogwheel":14,"minecraft:kelp_plant":12,"minecraft:soul_fire":6,"create:steam_whistle_extension":13,"minecraft:clay":1,"minecraft:torch":26,"minecraft:calcite":7,"minecraft:melon":3,"create:scoria":20,"minecraft:nether_quartz_ore":26,"minecraft:cobblestone":1424,"minecraft:oak_planks":137,"minecraft:sugar_cane":28,"minecraft:wall_torch":112,"minecraft:amethyst_block":1,"create:cuckoo_clock":3,"minecraft:cauldron":2,"create:large_water_wheel":1,"create:basin":1,"create:rose_quartz_lamp":8,"minecraft:seagrass":2,"minecraft:nether_wart_block":5,"minecraft:wheat":856,"create:mechanical_mixer":1,"minecraft:warped_fungus":14,"minecraft:grass":433,"minecraft:oak_log":631,"create:hand_crank":2,"minecraft:sand":100,"minecraft:dirt":2816,"create:encased_chain_drive":8,"minecraft:smooth_basalt":12,"minecraft:netherrack":496,"minecraft:oak_leaves":764,"minecraft:deepslate":220,"create:zinc_ore":64,"minecraft:nether_gold_ore":18,"create:copper_backtank":4,"minecraft:tuff":162,"minecraft:deepslate_diamond_ore":2,"minecraft:oak_door":8,"create:fluid_tank":1,"minecraft:lever":5,"minecraft:glow_lichen":2,"minecraft:ladder":55,"create:large_cogwheel":7,"minecraft:jungle_planks":9,"minecraft:redstone_wire":16,"minecraft:kelp":2,"minecraft:sandstone":36,"minecraft:rooted_dirt":2,"minecraft:hay_block":18,"create:shaft":19,"minecraft:oak_trapdoor":3,"minecraft:andesite":404,"create:scorchia":1,"minecraft:gold_block":2,"minecraft:cobblestone_slab":23,"minecraft:shroomlight":1,"minecraft:deepslate_iron_ore":81,"minecraft:vine":16,"minecraft:rail":3,"minecraft:stripped_oak_log":10,"minecraft:bamboo":1,"minecraft:stone":4582,"minecraft:redstone_wall_torch":7,"minecraft:oak_slab":6,"create:hose_pulley":1,"minecraft:soul_sand":10,"minecraft:basalt":5,"minecraft:dandelion":6,"minecraft:polished_granite":50,"minecraft:oak_fence":18,"minecraft:crafting_table":11,"minecraft:cornflower":5,"create:fluid_pipe":30,"create:mechanical_pump":4,"minecraft:andesite_slab":1,"minecraft:campfire":1,"create:water_wheel":2,"create:elevator_contact":3,"minecraft:copper_ore":107,"minecraft:tall_grass":1,"minecraft:lapis_ore":2,"minecraft:deepslate_gold_ore":65,"minecraft:diorite":683,"minecraft:cactus":5,"create:gearbox":13,"minecraft:redstone_torch":13,"create:crushing_wheel":2,"minecraft:coal_ore":203,"minecraft:cocoa":15,"minecraft:gravel":49,"minecraft:cobweb":58,"minecraft:oak_button":2,"create:andesite_funnel":2,"minecraft:fern":151},"minecraft:custom":{"minecraft:animals_bred":1,"minecraft:interact_with_crafting_table":709,"minecraft:open_barrel":2138,"minecraft:bell_ring":2,"minecraft:leave_game":27,"minecraft:time_since_death":307516,"minecraft:sprint_one_cm":3549035,"minecraft:damage_blocked_by_shield":5816,"minecraft:drop":1085,"minecraft:talked_to_villager":8,"minecraft:play_time":3117200,"minecraft:deaths":8,"minecraft:jump":13631,"minecraft:interact_with_brewingstand":1,"minecraft:walk_on_water_one_cm":827987,"minecraft:interact_with_furnace":208,"minecraft:interact_with_cartography_table":3,"minecraft:sleep_in_bed":30,"minecraft:damage_dealt":35445,"minecraft:crouch_one_cm":81180,"minecraft:mob_kills":196,"minecraft:fill_cauldron":1,"minecraft:interact_with_campfire":60,"minecraft:climb_one_cm":163106,"minecraft:walk_one_cm":10012065,"minecraft:sneak_time":58769,"minecraft:walk_under_water_one_cm":551514,"minecraft:boat_one_cm":1530112,"minecraft:interact_with_blast_furnace":1,"minecraft:total_world_time":3117200,"minecraft:pot_flower":1,"minecraft:time_since_rest":2203,"minecraft:damage_taken":12630,"minecraft:swim_one_cm":98285,"minecraft:fly_one_cm":274189,"minecraft:open_chest":76,"minecraft:fall_one_cm":163290},"minecraft:picked_up":{"minecraft:iron_chestplate":3,"minecraft:wheat":759,"minecraft:lead":3,"minecraft:diamond_sword":2,"minecraft:oak_stairs":10,"minecraft:brown_bed":1,"create:wrench":2,"create:item_drain":1,"minecraft:potion":1,"minecraft:amethyst_block":1,"minecraft:string":87,"minecraft:soul_soil":1,"minecraft:raw_copper":381,"create:limestone":21,"minecraft:shroomlight":1,"create:andesite_funnel":6,"create:water_wheel":3,"create:mechanical_press":2,"minecraft:gold_nugget":68,"minecraft:cobbled_deepslate":249,"minecraft:bucket":3,"minecraft:redstone_torch":20,"minecraft:cobblestone_slab":24,"minecraft:calcite":7,"create:contraption_controls":1,"minecraft:iron_pickaxe":4,"minecraft:melon_slice":14,"minecraft:iron_boots":1,"minecraft:stick":121,"create:mechanical_mixer":1,"minecraft:oak_fence":18,"minecraft:torch":321,"create:andesite_casing":14,"create:redstone_contact":12,"minecraft:diorite":797,"minecraft:golden_chestplate":2,"minecraft:cauldron":3,"create:large_cogwheel":8,"minecraft:stone_sword":2,"minecraft:cactus":9,"minecraft:rotten_flesh":97,"create:copper_casing":18,"create:scoria":20,"create:track":2,"minecraft:blue_dye":2,"create:veridium":117,"minecraft:obsidian":9,"minecraft:iron_bars":4,"minecraft:cobblestone":6111,"minecraft:magma_block":3,"minecraft:water_bucket":4,"create:fluid_tank":1,"minecraft:andesite":462,"minecraft:jungle_log":23,"minecraft:golden_leggings":5,"create:belt_connector":2,"minecraft:flint":4,"minecraft:tuff":164,"create:raw_zinc":194,"minecraft:lapis_lazuli":24,"minecraft:dirt":4078,"minecraft:polished_granite":50,"create:encased_chain_drive":8,"minecraft:glass":4,"minecraft:bone":56,"minecraft:bow":3,"minecraft:wheat_seeds":2252,"minecraft:raw_gold":66,"create:goggles":3,"create:shaft":24,"minecraft:bamboo":13,"create:super_glue":1,"minecraft:oak_planks":213,"create:cogwheel":19,"create:cuckoo_clock":3,"minecraft:sand":99,"minecraft:jungle_planks":9,"create:steam_whistle":2,"minecraft:ink_sac":3,"minecraft:barrel":7,"minecraft:diamond":4,"minecraft:lever":5,"minecraft:granite":937,"minecraft:crossbow":3,"minecraft:bone_meal":63,"minecraft:emerald":3,"minecraft:bread":147,"minecraft:rooted_dirt":2,"minecraft:oak_sapling":152,"minecraft:netherrack":501,"minecraft:andesite_slab":4,"create:copper_sheet":34,"minecraft:charcoal":2,"minecraft:cocoa_beans":45,"minecraft:crafting_table":12,"minecraft:azure_bluet":3,"minecraft:ladder":59,"minecraft:clay_ball":4,"minecraft:gold_block":2,"minecraft:shield":4,"minecraft:cornflower":5,"minecraft:oak_trapdoor":3,"create:fluid_pipe":30,"minecraft:flint_and_steel":3,"minecraft:compass":3,"minecraft:item_frame":1,"create:scorchia":1,"minecraft:oak_boat":1,"create:basin":1,"minecraft:iron_nugget":26,"minecraft:sugar_cane":52,"minecraft:egg":7,"minecraft:raw_iron":197,"minecraft:sandstone":35,"minecraft:oak_door":12,"create:golden_sheet":9,"minecraft:copper_ingot":24,"minecraft:cookie":4,"create:copper_backtank":4,"create:hand_crank":15,"minecraft:redstone":310,"create:vertical_gearbox":10,"minecraft:tnt":4,"minecraft:arrow":87,"minecraft:stone_shovel":6,"minecraft:hay_block":18,"minecraft:gold_ingot":8,"minecraft:oak_chest_boat":21,"minecraft:mutton":3,"minecraft:rail":3,"minecraft:white_wool":3,"minecraft:stripped_oak_log":11,"create:iron_sheet":11,"minecraft:clock":1,"minecraft:basalt":5,"minecraft:glow_ink_sac":3,"minecraft:salmon":1,"minecraft:leather":2,"minecraft:yellow_dye":2,"minecraft:filled_map":1,"minecraft:crimson_fungus":1,"minecraft:oak_log":657,"minecraft:golden_boots":4,"minecraft:nether_wart_block":5,"minecraft:gunpowder":7,"minecraft:cobblestone_stairs":113,"minecraft:white_banner":2,"minecraft:cooked_mutton":1,"create:crushing_wheel":2,"minecraft:apple":20,"minecraft:kelp":170,"minecraft:heart_of_the_sea":1,"minecraft:iron_ingot":14,"minecraft:stone_pickaxe":8,"minecraft:iron_sword":1,"minecraft:soul_sand":14,"minecraft:oak_slab":6,"minecraft:smooth_basalt":12,"minecraft:warped_fungus":14,"create:large_water_wheel":1,"create:hose_pulley":1,"minecraft:quartz":26,"minecraft:dandelion":6,"minecraft:gravel":126,"minecraft:amethyst_shard":2,"minecraft:spider_eye":14,"create:gearbox":3,"create:wheat_flour":68,"minecraft:polished_diorite":36,"minecraft:stone_axe":4,"create:mechanical_pump":4,"minecraft:iron_helmet":1,"create:rose_quartz":5,"create:rose_quartz_lamp":8,"minecraft:oak_button":2,"minecraft:coal":203,"minecraft:ender_pearl":7},"minecraft:crafted":{"minecraft:brick":4,"minecraft:oak_planks":1248,"minecraft:cobblestone_slab":90,"minecraft:barrel":28,"minecraft:chain":2,"minecraft:oak_hanging_sign":6,"minecraft:stone":7,"minecraft:cobblestone_stairs":148,"minecraft:lever":1,"create:copper_door":3,"create:deployer":2,"minecraft:cooked_mutton":3,"minecraft:iron_bars":16,"minecraft:green_dye":4,"create:vertical_gearbox":2,"minecraft:glass":16,"create:andesite_funnel":6,"minecraft:bow":1,"minecraft:iron_boots":1,"create:mechanical_press":4,"minecraft:chest":5,"create:spout":1,"minecraft:oak_button":5,"minecraft:copper_block":7,"create:cuckoo_clock":1,"railways:handcar":1,"minecraft:dried_kelp_block":2,"minecraft:oak_fence":66,"create:cogwheel":118,"create:track_station":2,"minecraft:flower_pot":1,"create:brass_hand":2,"create:flywheel":1,"create:depot":1,"minecraft:item_frame":1,"minecraft:oak_slab":66,"minecraft:deepslate":4,"minecraft:wooden_shovel":2,"create:rose_quartz":16,"minecraft:cauldron":1,"minecraft:map":1,"minecraft:crafting_table":15,"create:fluid_pipe":40,"minecraft:wooden_pickaxe":1,"minecraft:iron_helmet":1,"minecraft:brown_dye":3,"minecraft:clock":1,"minecraft:brown_bed":1,"minecraft:copper_ingot":226,"create:sand_paper":2,"minecraft:hay_block":18,"minecraft:campfire":5,"create:encased_chain_drive":16,"create:mechanical_mixer":1,"minecraft:cartography_table":1,"create:gearbox":9,"minecraft:diamond_pickaxe":1,"create:rose_quartz_lamp":3,"create:water_wheel":6,"minecraft:yellow_dye":6,"minecraft:iron_chestplate":2,"minecraft:wooden_hoe":3,"minecraft:paper":21,"minecraft:charcoal":52,"minecraft:golden_leggings":1,"minecraft:shield":4,"create:super_glue":1,"minecraft:stick":444,"minecraft:stone_slab":12,"create:mechanical_pump":4,"minecraft:iron_ingot":190,"minecraft:compass":3,"minecraft:iron_pickaxe":5,"minecraft:iron_block":4,"minecraft:stone_sword":1,"minecraft:gold_ingot":91,"create:large_cogwheel":17,"minecraft:light_gray_dye":3,"minecraft:redstone_torch":3,"create:elevator_pulley":1,"minecraft:composter":1,"create:empty_blaze_burner":2,"create:chute":4,"minecraft:wooden_sword":1,"minecraft:oak_door":6,"minecraft:cookie":160,"minecraft:stone_shovel":24,"create:wrench":3,"create:steam_engine":3,"minecraft:iron_nugget":378,"minecraft:furnace":4,"create:copper_backtank":1,"create:contraption_controls":2,"minecraft:oak_trapdoor":4,"minecraft:flint_and_steel":1,"minecraft:polished_diorite":260,"minecraft:ladder":27,"minecraft:slime_ball":2,"create:millstone":1,"minecraft:lime_dye":8,"minecraft:stone_pickaxe":74,"create:fluid_tank":15,"create:hose_pulley":1,"create:basin":1,"create:electron_tube":11,"create:belt_connector":15,"create:filter":1,"minecraft:wheat":162,"minecraft:sugar":1,"create:steam_whistle":3,"create:andesite_alloy":37,"create:hand_crank":1,"minecraft:diamond_sword":1,"minecraft:dried_kelp":140,"minecraft:iron_sword":4,"create:dough":60,"create:goggles":2,"create:large_water_wheel":3,"create:redstone_contact":6,"minecraft:cooked_salmon":1,"minecraft:polished_granite":176,"create:item_drain":1,"minecraft:bucket":3,"minecraft:stone_axe":10,"minecraft:jungle_slab":6,"minecraft:air":0,"minecraft:bread":221,"minecraft:jungle_planks":52,"minecraft:blue_dye":5,"minecraft:oak_boat":1,"minecraft:oak_chest_boat":1,"create:whisk":1,"minecraft:white_wool":1,"minecraft:white_dye":4,"minecraft:andesite_slab":66,"minecraft:brown_wool":3,"create:mechanical_crafter":21,"minecraft:oak_stairs":20,"minecraft:wooden_axe":5,"create:shaft":240,"create:copper_diving_helmet":1,"minecraft:torch":368,"create:zinc_ingot":65}},"DataVersion":3465}