{"stats":{"minecraft:broken":{"minecraft:golden_boots":1,"minecraft:wooden_shovel":2,"minecraft:iron_chestplate":1,"minecraft:iron_sword":1,"minecraft:iron_pickaxe":1,"minecraft:wooden_hoe":1,"minecraft:stone_pickaxe":97,"minecraft:stone_axe":10,"minecraft:wooden_axe":4,"minecraft:stone_shovel":25,"create:sand_paper":2},"minecraft:killed":{"minecraft:cave_spider":9,"minecraft:skeleton":52,"minecraft:magma_cube":5,"minecraft:pillager":7,"minecraft:zombie":104,"minecraft:enderman":8,"minecraft:spider":26,"minecraft:zombie_villager":2,"minecraft:creeper":21,"minecraft:sheep":3,"minecraft:drowned":19,"minecraft:bat":2},"minecraft:custom":{"minecraft:interact_with_crafting_table":1046,"minecraft:open_barrel":3377,"minecraft:bell_ring":2,"minecraft:leave_game":39,"minecraft:time_since_death":514054,"minecraft:damage_blocked_by_shield":7066,"minecraft:play_time":4447764,"minecraft:deaths":9,"minecraft:jump":17670,"minecraft:interact_with_furnace":283,"minecraft:interact_with_cartography_table":4,"minecraft:sleep_in_bed":55,"minecraft:damage_dealt":46965,"minecraft:inspect_hopper":2,"minecraft:sneak_time":77037,"minecraft:interact_with_blast_furnace":1,"minecraft:total_world_time":4447764,"minecraft:interact_with_stonecutter":12,"minecraft:time_since_rest":14094,"minecraft:swim_one_cm":205742,"minecraft:fly_one_cm":434656,"minecraft:open_chest":160,"minecraft:fall_one_cm":213001,"minecraft:animals_bred":1,"minecraft:sprint_one_cm":6155755,"minecraft:drop":2578,"minecraft:talked_to_villager":10,"minecraft:interact_with_brewingstand":1,"minecraft:walk_on_water_one_cm":1056853,"minecraft:crouch_one_cm":107967,"minecraft:mob_kills":266,"minecraft:fill_cauldron":1,"minecraft:interact_with_campfire":60,"minecraft:climb_one_cm":194464,"minecraft:walk_one_cm":13758683,"minecraft:walk_under_water_one_cm":816970,"minecraft:boat_one_cm":1784092,"minecraft:pot_flower":1,"minecraft:damage_taken":16412},"minecraft:used":{"create:copper_door":3,"create:deployer":19,"minecraft:ladder":58,"minecraft:chest":8,"minecraft:stone":3,"minecraft:rotten_flesh":3,"create:fluid_tank":24,"minecraft:soul_sand":6,"minecraft:cocoa_beans":22,"create:mechanical_crafter":22,"create:depot":4,"create:framed_glass_pane":8,"create:controls":1,"minecraft:lava_bucket":31,"create:rose_quartz_lamp":13,"create:andesite_funnel":27,"create:rotation_speed_controller":11,"minecraft:bow":32,"minecraft:furnace":4,"create:shaft":402,"create:steam_engine":5,"minecraft:oak_sapling":195,"minecraft:egg":1,"minecraft:diorite":160,"minecraft:powered_rail":1,"minecraft:cactus":5,"minecraft:wooden_pickaxe":57,"minecraft:composter":1,"minecraft:cookie":160,"create:spout":3,"minecraft:sand":180,"create:copper_backtank":18,"create:contraption_controls":5,"minecraft:polished_granite":382,"create:adjustable_chain_gearshift":1,"minecraft:nether_wart_block":5,"minecraft:diamond_sword":259,"minecraft:wooden_sword":56,"create:basin":12,"minecraft:oak_boat":1,"create:steam_whistle":2,"minecraft:oak_hanging_sign":1,"minecraft:oak_trapdoor":4,"create:framed_glass":48,"minecraft:iron_bars":8,"minecraft:stone_sword":116,"railways:handcar":3,"create:cuckoo_clock":5,"minecraft:cooked_salmon":1,"minecraft:netherrack":237,"minecraft:torch":672,"minecraft:wheat":2,"minecraft:polished_diorite":282,"minecraft:shroomlight":1,"create:wrench":1821,"minecraft:filled_map":5,"create:gearbox":37,"minecraft:rooted_dirt":2,"minecraft:jungle_log":11,"minecraft:barrel":40,"minecraft:bamboo":1,"create:encased_chain_drive":71,"create:fluid_pipe":105,"minecraft:cobbled_deepslate":267,"create:belt_connector":135,"minecraft:wheat_seeds":3479,"minecraft:water_bucket":51,"minecraft:cartography_table":1,"create:brass_tunnel":1,"minecraft:cauldron":3,"minecraft:glow_ink_sac":1,"create:blaze_burner":11,"minecraft:rail":2,"create:encased_fan":1,"minecraft:oak_slab":16,"minecraft:crafting_table":25,"minecraft:campfire":5,"create:filter":23,"minecraft:oak_log":473,"create:track":48,"minecraft:diamond_pickaxe":9,"minecraft:oak_button":5,"minecraft:iron_pickaxe":951,"create:water_wheel":21,"minecraft:cobblestone":6324,"minecraft:stripped_oak_log":4,"create:elevator_pulley":1,"create:scorchia":1,"minecraft:shield":276,"minecraft:iron_sword":670,"minecraft:bell":1,"create:railway_casing":14,"minecraft:iron_chestplate":1,"create:blue_seat":1,"create:cogwheel":371,"minecraft:jungle_planks":33,"minecraft:nether_bricks":1,"minecraft:tuff":52,"create:speedometer":8,"create:mechanical_roller":12,"minecraft:glass":11,"minecraft:iron_helmet":1,"create:millstone":2,"minecraft:item_frame":2,"create:experience_block":1,"minecraft:magma_block":2,"minecraft:warped_fungus":1,"minecraft:hay_block":18,"create:mechanical_drill":77,"minecraft:oak_chest_boat":22,"minecraft:golden_boots":1,"create:crushing_wheel":8,"minecraft:stone_pickaxe":13217,"minecraft:oak_planks":982,"minecraft:sandstone":33,"minecraft:sugar_cane":25,"create:track_station":16,"create:flywheel":13,"minecraft:crossbow":33,"minecraft:redstone_torch":21,"minecraft:lever":7,"minecraft:bread":360,"minecraft:melon_slice":14,"create:andesite_casing":6,"minecraft:deepslate":4,"minecraft:gravel":25,"railways:small_buffer":15,"create:stressometer":33,"minecraft:andesite":9,"create:vertical_gearbox":38,"minecraft:bone_meal":153,"minecraft:experience_bottle":1,"create:large_cogwheel":93,"minecraft:oak_fence":95,"create:clipboard":16,"minecraft:flint_and_steel":21,"create:item_vault":4,"minecraft:stone_shovel":3534,"minecraft:redstone":40,"minecraft:wooden_shovel":123,"minecraft:oak_door":11,"create:mechanical_pump":11,"minecraft:dirt":3527,"create:andesite_door":4,"create:mechanical_mixer":3,"minecraft:hopper":3,"create:copper_casing":30,"create:redstone_contact":16,"minecraft:golden_chestplate":1,"minecraft:granite":44,"create:chute":16,"minecraft:wooden_axe":302,"minecraft:oak_stairs":191,"create:hose_pulley":2,"minecraft:iron_boots":1,"minecraft:soul_soil":6,"minecraft:brown_bed":2,"minecraft:cooked_mutton":3,"minecraft:cobblestone_stairs":330,"create:empty_blaze_burner":3,"minecraft:andesite_slab":1,"minecraft:stonecutter":1,"minecraft:cobblestone_slab":109,"create:item_drain":3,"create:brass_funnel":8,"minecraft:wooden_hoe":95,"minecraft:flower_pot":1,"minecraft:apple":11,"create:mechanical_press":10,"minecraft:map":1,"create:large_water_wheel":8,"minecraft:golden_leggings":1,"minecraft:stone_axe":1966,"minecraft:white_banner":2,"minecraft:bucket":141,"create:hand_crank":42},"minecraft:crafted":{"minecraft:chain":2,"minecraft:lever":3,"create:item_vault":3,"minecraft:cooked_mutton":3,"minecraft:iron_bars":16,"create:vertical_gearbox":8,"minecraft:glass":70,"create:rotation_speed_controller":2,"create:andesite_funnel":8,"create:mechanical_press":5,"minecraft:dried_kelp_block":2,"railways:handcar":1,"create:brass_funnel":6,"create:cogwheel":226,"minecraft:flower_pot":1,"create:flywheel":1,"minecraft:deepslate":4,"minecraft:wooden_shovel":2,"create:rose_quartz":30,"create:adjustable_chain_gearshift":1,"minecraft:clock":1,"minecraft:brown_bed":1,"minecraft:copper_ingot":302,"minecraft:hay_block":18,"minecraft:campfire":5,"create:encased_chain_drive":27,"create:mechanical_mixer":1,"minecraft:cartography_table":1,"create:gearbox":25,"create:encased_fan":1,"minecraft:wooden_hoe":4,"minecraft:golden_leggings":1,"railways:small_buffer":8,"minecraft:stone_slab":80,"minecraft:compass":5,"minecraft:iron_pickaxe":7,"minecraft:iron_block":5,"minecraft:gold_ingot":96,"minecraft:light_gray_dye":3,"create:large_cogwheel":43,"create:propeller":1,"create:elevator_pulley":1,"minecraft:composter":1,"minecraft:stone_shovel":29,"create:wrench":3,"minecraft:iron_nugget":1206,"minecraft:bone_meal":60,"create:copper_backtank":1,"create:contraption_controls":2,"minecraft:polished_diorite":260,"minecraft:ladder":27,"minecraft:stone_pickaxe":105,"create:hose_pulley":1,"create:electron_tube":25,"create:belt_connector":20,"create:mechanical_roller":5,"create:blue_seat":1,"minecraft:wheat":162,"create:andesite_door":3,"create:brass_tunnel":2,"minecraft:dried_kelp":170,"create:dough":60,"create:goggles":2,"create:redstone_contact":6,"minecraft:polished_granite":352,"minecraft:jungle_slab":6,"create:speedometer":4,"minecraft:oak_chest_boat":1,"minecraft:andesite_slab":126,"minecraft:wooden_axe":5,"minecraft:oak_stairs":112,"create:shaft":392,"minecraft:brick":4,"minecraft:oak_planks":2192,"minecraft:cobblestone_slab":90,"minecraft:barrel":64,"minecraft:oak_hanging_sign":6,"minecraft:cobblestone_stairs":220,"minecraft:stone":78,"create:copper_door":3,"create:deployer":6,"minecraft:green_dye":4,"minecraft:hopper":3,"minecraft:bow":1,"minecraft:iron_boots":1,"minecraft:chest":10,"create:spout":1,"minecraft:oak_button":5,"minecraft:copper_block":9,"create:cuckoo_clock":1,"minecraft:oak_fence":75,"create:brass_hand":6,"create:track_station":2,"minecraft:oak_slab":144,"minecraft:item_frame":1,"create:depot":1,"minecraft:cauldron":1,"minecraft:map":1,"minecraft:crafting_table":18,"create:fluid_pipe":40,"minecraft:wooden_pickaxe":1,"minecraft:iron_helmet":1,"minecraft:brown_dye":3,"create:sand_paper":4,"create:stressometer":4,"create:rose_quartz_lamp":3,"create:controls":1,"minecraft:iron_chestplate":2,"minecraft:paper":21,"minecraft:diamond_pickaxe":1,"minecraft:charcoal":58,"create:water_wheel":7,"minecraft:yellow_dye":6,"minecraft:shield":4,"create:super_glue":1,"create:framed_glass":27,"minecraft:stick":532,"create:mechanical_pump":5,"minecraft:iron_ingot":334,"minecraft:stone_sword":1,"create:clipboard":1,"minecraft:redstone_torch":3,"create:industrial_iron_block":10,"create:empty_blaze_burner":11,"create:chute":8,"minecraft:wooden_sword":1,"minecraft:oak_door":9,"minecraft:cookie":160,"create:steam_engine":5,"minecraft:furnace":4,"create:experience_nugget":18,"minecraft:oak_trapdoor":4,"minecraft:flint_and_steel":1,"create:millstone":1,"minecraft:slime_ball":2,"minecraft:lime_dye":8,"create:fluid_tank":37,"create:framed_glass_pane":16,"create:basin":2,"create:filter":1,"minecraft:sugar":4,"create:steam_whistle":3,"create:andesite_alloy":42,"create:hand_crank":1,"minecraft:diamond_sword":1,"minecraft:iron_sword":5,"create:large_water_wheel":4,"minecraft:cooked_salmon":1,"create:item_drain":1,"minecraft:bucket":3,"minecraft:stone_axe":21,"minecraft:bread":367,"minecraft:air":0,"minecraft:jungle_planks":56,"minecraft:blue_dye":5,"minecraft:oak_boat":1,"minecraft:white_wool":2,"create:whisk":1,"minecraft:white_dye":4,"minecraft:brown_wool":3,"create:mechanical_crafter":21,"minecraft:blue_wool":1,"minecraft:stonecutter":1,"create:mechanical_drill":57,"create:copper_diving_helmet":1,"minecraft:torch":456,"create:zinc_ingot":85,"create:experience_block":2},"minecraft:dropped":{"minecraft:iron_sword":5,"minecraft:crafting_table":9,"minecraft:dirt":11,"minecraft:yellow_dye":2,"minecraft:sand":1,"minecraft:sugar":4,"minecraft:bone":2,"minecraft:iron_nugget":603,"minecraft:wheat":63,"minecraft:obsidian":1,"minecraft:rotten_flesh":90,"minecraft:egg":4,"minecraft:iron_ingot":19,"create:rose_quartz":31,"minecraft:wheat_seeds":12,"minecraft:cobblestone":358,"minecraft:granite":52,"minecraft:string":25,"create:zinc_ingot":45,"minecraft:oak_log":1,"create:filter":1,"create:iron_sheet":1,"minecraft:gold_ingot":16,"minecraft:gravel":19,"minecraft:andesite_slab":3,"create:wheat_flour":392,"minecraft:powered_rail":2,"minecraft:copper_ingot":106,"create:cinder_flour":4,"minecraft:blue_dye":2,"minecraft:torch":1,"minecraft:bucket":9,"minecraft:kelp":30,"minecraft:tuff":2,"minecraft:andesite":674,"minecraft:oak_sapling":6,"minecraft:stone_pickaxe":1},"minecraft:killed_by":{"minecraft:zombie":1,"minecraft:creeper":1,"minecraft:spider":1,"minecraft:hoglin":2,"minecraft:skeleton":2},"minecraft:mined":{"create:copper_casing":6,"create:andesite_casing":13,"minecraft:jungle_leaves":8,"minecraft:obsidian":9,"minecraft:granite":1461,"create:redstone_contact":3,"minecraft:jungle_log":34,"create:belt":2,"minecraft:crimson_fungus":1,"minecraft:spawner":3,"minecraft:tall_seagrass":1,"minecraft:magma_block":3,"minecraft:cobbled_deepslate":13,"minecraft:fire":17,"minecraft:barrel":16,"minecraft:water_cauldron":1,"minecraft:dirt_path":3,"minecraft:oak_stairs":82,"minecraft:white_banner":1,"create:veridium":39,"create:mechanical_press":2,"create:limestone":21,"create:item_drain":1,"create:cogwheel":14,"minecraft:kelp_plant":14,"minecraft:soul_fire":9,"minecraft:torch":30,"minecraft:melon":3,"create:scoria":20,"create:framed_glass":2,"minecraft:sugar_cane":28,"create:cuckoo_clock":3,"minecraft:amethyst_block":1,"create:rose_quartz_lamp":8,"create:basin":1,"minecraft:wheat":1320,"create:mechanical_mixer":1,"minecraft:warped_fungus":14,"minecraft:grass":445,"create:hand_crank":2,"minecraft:smooth_basalt":12,"minecraft:deepslate":245,"create:zinc_ore":98,"create:copper_backtank":4,"create:fluid_tank":1,"minecraft:nether_bricks":22,"minecraft:jungle_planks":9,"minecraft:redstone_wire":16,"minecraft:kelp":2,"create:shaft":19,"minecraft:andesite":985,"minecraft:cobblestone_slab":23,"minecraft:vine":27,"minecraft:rail":3,"minecraft:bamboo":1,"minecraft:oak_slab":10,"minecraft:soul_sand":10,"minecraft:dandelion":6,"minecraft:cornflower":5,"create:fluid_pipe":30,"create:mechanical_pump":4,"create:water_wheel":2,"minecraft:campfire":1,"create:elevator_contact":3,"minecraft:tall_grass":1,"minecraft:copper_ore":123,"minecraft:deepslate_gold_ore":65,"railways:small_buffer":1,"minecraft:diorite":953,"create:experience_block":1,"create:gearbox":13,"create:mechanical_drill":3,"create:crushing_wheel":2,"minecraft:gravel":173,"minecraft:cobweb":60,"minecraft:oak_button":2,"create:andesite_funnel":2,"minecraft:gold_ore":5,"minecraft:fern":155,"create:deepslate_zinc_ore":48,"minecraft:oak_sapling":6,"minecraft:cobblestone_stairs":128,"minecraft:cave_vines_plant":1,"minecraft:budding_amethyst":1,"minecraft:grass_block":699,"minecraft:soul_soil":6,"minecraft:polished_diorite":38,"minecraft:iron_ore":202,"minecraft:azure_bluet":3,"minecraft:brown_bed":1,"minecraft:flowering_azalea_leaves":3,"minecraft:iron_bars":4,"minecraft:azalea_leaves":11,"minecraft:deepslate_redstone_ore":62,"create:steam_whistle_extension":13,"minecraft:clay":2,"minecraft:calcite":7,"minecraft:chest":2,"minecraft:nether_quartz_ore":51,"minecraft:cobblestone":1986,"minecraft:oak_planks":421,"minecraft:wall_torch":129,"minecraft:cauldron":2,"create:large_water_wheel":1,"minecraft:seagrass":2,"minecraft:nether_wart_block":5,"minecraft:oak_log":1085,"minecraft:sand":235,"minecraft:dirt":3144,"create:encased_chain_drive":8,"minecraft:netherrack":508,"minecraft:oak_leaves":1022,"minecraft:nether_gold_ore":18,"minecraft:tuff":162,"minecraft:oak_door":8,"minecraft:deepslate_diamond_ore":2,"minecraft:glow_lichen":2,"minecraft:lever":5,"minecraft:ladder":55,"create:large_cogwheel":7,"minecraft:sandstone":36,"minecraft:rooted_dirt":2,"minecraft:hay_block":18,"minecraft:oak_trapdoor":3,"create:framed_glass_pane":2,"create:scorchia":1,"minecraft:gold_block":2,"minecraft:deepslate_iron_ore":132,"minecraft:shroomlight":1,"minecraft:stripped_oak_log":10,"minecraft:stone":6140,"minecraft:redstone_wall_torch":7,"create:hose_pulley":1,"minecraft:basalt":5,"minecraft:polished_granite":63,"minecraft:oak_fence":20,"minecraft:crafting_table":15,"minecraft:andesite_slab":1,"minecraft:lapis_ore":2,"minecraft:cactus":5,"minecraft:redstone_torch":13,"minecraft:coal_ore":245,"minecraft:cocoa":15},"minecraft:picked_up":{"minecraft:iron_chestplate":4,"minecraft:diamond_sword":2,"minecraft:lead":3,"minecraft:oak_stairs":83,"minecraft:brown_bed":1,"create:wrench":3,"create:item_drain":1,"minecraft:amethyst_block":1,"create:limestone":21,"minecraft:string":102,"minecraft:soul_soil":6,"minecraft:shroomlight":1,"create:water_wheel":6,"minecraft:gold_nugget":68,"minecraft:cobbled_deepslate":305,"create:contraption_controls":1,"minecraft:melon_slice":14,"create:andesite_casing":14,"minecraft:golden_chestplate":2,"minecraft:cauldron":3,"minecraft:stone_sword":2,"create:copper_casing":18,"create:scoria":20,"create:track":110,"minecraft:blue_dye":2,"minecraft:iron_bars":4,"minecraft:magma_block":3,"minecraft:water_bucket":4,"minecraft:jungle_log":34,"minecraft:flint":15,"create:encased_chain_drive":8,"create:mechanical_drill":3,"create:goggles":4,"create:shaft":62,"create:super_glue":1,"create:experience_block":1,"create:steam_whistle":2,"minecraft:ink_sac":3,"minecraft:barrel":16,"minecraft:lever":5,"minecraft:granite":1616,"minecraft:bread":176,"minecraft:rooted_dirt":2,"create:copper_sheet":34,"minecraft:crafting_table":16,"minecraft:clay_ball":8,"minecraft:cornflower":5,"create:fluid_pipe":34,"minecraft:flint_and_steel":4,"create:scorchia":1,"minecraft:compass":4,"create:brass_funnel":1,"minecraft:iron_nugget":48,"minecraft:chest":2,"minecraft:egg":7,"minecraft:sandstone":35,"minecraft:stone":4,"minecraft:oak_door":12,"create:copper_backtank":4,"minecraft:redstone":310,"create:vertical_gearbox":12,"minecraft:tnt":4,"minecraft:stone_shovel":7,"minecraft:hay_block":18,"minecraft:gold_ingot":8,"minecraft:oak_chest_boat":22,"minecraft:mutton":3,"minecraft:rail":5,"minecraft:white_wool":3,"railways:small_buffer":1,"minecraft:stripped_oak_log":11,"create:iron_sheet":11,"minecraft:clock":1,"minecraft:yellow_dye":2,"minecraft:filled_map":1,"minecraft:oak_log":1113,"minecraft:golden_boots":4,"minecraft:white_banner":2,"create:crushing_wheel":2,"minecraft:apple":29,"minecraft:kelp":200,"minecraft:stone_pickaxe":10,"minecraft:iron_sword":4,"minecraft:smooth_basalt":12,"create:hose_pulley":1,"minecraft:gravel":259,"create:gearbox":4,"minecraft:stone_axe":5,"minecraft:polished_diorite":43,"create:mechanical_pump":4,"create:rose_quartz":8,"minecraft:oak_button":2,"minecraft:ender_pearl":7,"minecraft:wheat":1203,"minecraft:potion":1,"minecraft:raw_copper":498,"create:andesite_funnel":6,"create:mechanical_press":2,"minecraft:bucket":4,"minecraft:redstone_torch":20,"minecraft:cobblestone_slab":24,"minecraft:calcite":7,"minecraft:iron_pickaxe":5,"minecraft:iron_boots":1,"minecraft:stick":211,"create:mechanical_mixer":1,"minecraft:oak_fence":27,"minecraft:torch":350,"create:redstone_contact":12,"minecraft:diorite":1131,"create:framed_glass":6,"create:large_cogwheel":9,"minecraft:cactus":9,"minecraft:rotten_flesh":149,"create:veridium":117,"minecraft:obsidian":10,"create:speedometer":2,"minecraft:cobblestone":8557,"create:fluid_tank":1,"minecraft:andesite":1120,"minecraft:golden_leggings":6,"create:belt_connector":3,"minecraft:tuff":164,"create:raw_zinc":238,"minecraft:dirt":4545,"minecraft:lapis_lazuli":24,"minecraft:polished_granite":63,"minecraft:glass":4,"minecraft:bone":75,"minecraft:bow":3,"minecraft:wheat_seeds":3481,"minecraft:raw_gold":71,"minecraft:bamboo":13,"minecraft:powered_rail":5,"minecraft:oak_planks":539,"create:cogwheel":25,"create:cuckoo_clock":3,"minecraft:jungle_planks":9,"minecraft:sand":238,"minecraft:diamond":4,"minecraft:crossbow":4,"minecraft:bone_meal":100,"minecraft:golden_apple":1,"minecraft:emerald":3,"minecraft:oak_sapling":229,"minecraft:netherrack":525,"create:stressometer":6,"minecraft:andesite_slab":4,"minecraft:cocoa_beans":45,"minecraft:charcoal":2,"minecraft:azure_bluet":3,"minecraft:ladder":59,"minecraft:chest_minecart":1,"create:rotation_speed_controller":8,"minecraft:gold_block":2,"minecraft:shield":5,"minecraft:oak_trapdoor":3,"minecraft:item_frame":1,"create:chute":1,"minecraft:detector_rail":2,"minecraft:oak_boat":1,"create:basin":1,"minecraft:sugar_cane":52,"minecraft:raw_iron":341,"create:golden_sheet":9,"minecraft:copper_ingot":26,"minecraft:cookie":4,"create:hand_crank":16,"minecraft:arrow":133,"minecraft:nether_bricks":20,"minecraft:basalt":5,"minecraft:glow_ink_sac":3,"minecraft:salmon":1,"minecraft:leather":2,"minecraft:crimson_fungus":1,"create:andesite_alloy":23,"minecraft:cobblestone_stairs":126,"minecraft:nether_wart_block":5,"minecraft:gunpowder":18,"minecraft:cooked_mutton":1,"minecraft:heart_of_the_sea":1,"minecraft:iron_ingot":18,"minecraft:soul_sand":14,"minecraft:oak_slab":10,"minecraft:warped_fungus":14,"create:large_water_wheel":2,"minecraft:quartz":57,"minecraft:dandelion":6,"minecraft:amethyst_shard":2,"minecraft:spider_eye":18,"create:wheat_flour":68,"minecraft:pumpkin_seeds":2,"minecraft:iron_helmet":1,"create:rose_quartz_lamp":8,"minecraft:coal":245}},"DataVersion":3465}