{"stats":{"minecraft:killed":{"minecraft:spider":1,"minecraft:sheep":3,"minecraft:skeleton":2,"minecraft:zombie":6,"minecraft:drowned":3},"minecraft:broken":{"minecraft:stone_pickaxe":5,"minecraft:wooden_shovel":2,"minecraft:wooden_axe":4,"minecraft:wooden_hoe":1,"minecraft:stone_shovel":2},"minecraft:mined":{"minecraft:oak_slab":6,"minecraft:oak_sapling":2,"minecraft:cobblestone_stairs":8,"minecraft:jungle_leaves":2,"minecraft:crafting_table":3,"minecraft:glow_lichen":1,"minecraft:granite":37,"minecraft:grass_block":388,"minecraft:melon":3,"minecraft:jungle_planks":9,"minecraft:jungle_log":7,"minecraft:copper_ore":17,"minecraft:cobblestone":68,"minecraft:oak_planks":77,"minecraft:sugar_cane":10,"minecraft:diorite":54,"minecraft:sandstone":1,"minecraft:wall_torch":7,"minecraft:wheat":92,"minecraft:andesite":34,"minecraft:brown_bed":1,"minecraft:grass":327,"minecraft:coal_ore":42,"minecraft:oak_log":220,"minecraft:vine":5,"minecraft:cocoa":15,"minecraft:gravel":19,"minecraft:sand":33,"minecraft:dirt":399,"minecraft:bamboo":1,"minecraft:stone":442,"minecraft:oak_leaves":276,"minecraft:fern":115},"minecraft:picked_up":{"minecraft:cocoa_beans":45,"minecraft:crafting_table":3,"minecraft:wheat":91,"minecraft:leather":2,"minecraft:andesite":34,"minecraft:jungle_log":7,"minecraft:lead":2,"minecraft:brown_bed":1,"minecraft:flint":2,"minecraft:oak_log":220,"minecraft:cobblestone_stairs":8,"minecraft:string":1,"minecraft:dirt":780,"minecraft:raw_copper":62,"minecraft:bone":2,"minecraft:apple":3,"minecraft:wheat_seeds":306,"minecraft:bamboo":13,"minecraft:melon_slice":14,"minecraft:sugar_cane":21,"minecraft:oak_planks":77,"minecraft:oak_slab":6,"minecraft:stick":32,"minecraft:sandstone":1,"minecraft:oak_door":2,"minecraft:copper_ingot":1,"minecraft:torch":8,"minecraft:gravel":17,"minecraft:jungle_planks":9,"minecraft:sand":33,"minecraft:diorite":54,"minecraft:arrow":4,"minecraft:rotten_flesh":7,"minecraft:granite":37,"minecraft:oak_sapling":60,"minecraft:mutton":3,"minecraft:coal":42,"minecraft:cobblestone":509,"minecraft:white_wool":3},"minecraft:crafted":{"minecraft:wooden_sword":1,"minecraft:oak_door":3,"minecraft:cookie":120,"minecraft:oak_slab":6,"minecraft:oak_planks":424,"minecraft:wooden_shovel":2,"minecraft:stone_shovel":3,"minecraft:crafting_table":3,"minecraft:wooden_pickaxe":1,"minecraft:brown_dye":3,"minecraft:furnace":1,"minecraft:brown_bed":1,"minecraft:cobblestone_stairs":36,"minecraft:stone_axe":1,"minecraft:cooked_mutton":3,"minecraft:jungle_planks":24,"minecraft:wooden_hoe":2,"minecraft:stick":68,"minecraft:brown_wool":3,"minecraft:stone_pickaxe":7,"minecraft:oak_stairs":8,"minecraft:wooden_axe":5,"minecraft:stone_sword":1,"minecraft:chest":2,"minecraft:torch":56,"minecraft:oak_fence":54},"minecraft:custom":{"minecraft:interact_with_furnace":5,"minecraft:mob_kills":15,"minecraft:interact_with_crafting_table":42,"minecraft:leave_game":3,"minecraft:time_since_death":253135,"minecraft:sleep_in_bed":11,"minecraft:climb_one_cm":23149,"minecraft:time_since_rest":8503,"minecraft:sprint_one_cm":242031,"minecraft:damage_taken":1185,"minecraft:walk_one_cm":996136,"minecraft:drop":3,"minecraft:damage_dealt":2472,"minecraft:swim_one_cm":7656,"minecraft:fly_one_cm":17678,"minecraft:open_chest":9,"minecraft:crouch_one_cm":13059,"minecraft:play_time":253135,"minecraft:sneak_time":11520,"minecraft:walk_under_water_one_cm":98113,"minecraft:jump":1041,"minecraft:walk_on_water_one_cm":114312,"minecraft:total_world_time":253135,"minecraft:fall_one_cm":16142},"minecraft:dropped":{"minecraft:wheat_seeds":1,"minecraft:oak_sapling":2},"minecraft:used":{"minecraft:cooked_mutton":1,"minecraft:oak_fence":54,"minecraft:wheat_seeds":147,"minecraft:stone_sword":12,"minecraft:diorite":14,"minecraft:cobblestone_stairs":36,"minecraft:stone_shovel":371,"minecraft:stone_pickaxe":655,"minecraft:oak_planks":291,"minecraft:chest":2,"minecraft:wooden_pickaxe":57,"minecraft:wooden_shovel":123,"minecraft:sugar_cane":21,"minecraft:oak_door":5,"minecraft:cookie":80,"minecraft:torch":27,"minecraft:dirt":697,"minecraft:sand":27,"minecraft:cocoa_beans":22,"minecraft:oak_slab":7,"minecraft:crafting_table":6,"minecraft:jungle_planks":33,"minecraft:oak_log":86,"minecraft:wooden_axe":302,"minecraft:wooden_hoe":81,"minecraft:apple":2,"minecraft:oak_stairs":6,"minecraft:melon_slice":14,"minecraft:jungle_log":1,"minecraft:gravel":9,"minecraft:bamboo":1,"minecraft:stone_axe":10,"minecraft:wooden_sword":56,"minecraft:cobblestone":392,"minecraft:furnace":1,"minecraft:oak_sapling":46,"minecraft:brown_bed":2}},"DataVersion":3465}