{"stats":{"minecraft:killed_by":{"minecraft:creeper":1,"minecraft:zombie":1,"minecraft:hoglin":2,"minecraft:skeleton":2},"minecraft:broken":{"minecraft:golden_boots":1,"minecraft:wooden_shovel":2,"minecraft:stone_pickaxe":52,"minecraft:stone_axe":3,"minecraft:wooden_axe":4,"minecraft:stone_shovel":18,"minecraft:iron_pickaxe":1,"minecraft:wooden_hoe":1},"minecraft:killed":{"minecraft:cave_spider":3,"minecraft:spider":13,"minecraft:skeleton":29,"minecraft:zombie_villager":1,"minecraft:creeper":7,"minecraft:sheep":3,"minecraft:pillager":6,"minecraft:zombie":58,"minecraft:drowned":14,"minecraft:bat":1,"minecraft:enderman":6},"minecraft:mined":{"create:deepslate_zinc_ore":37,"minecraft:oak_sapling":4,"create:copper_casing":6,"create:andesite_casing":13,"minecraft:cobblestone_stairs":75,"minecraft:jungle_leaves":8,"minecraft:cave_vines_plant":1,"minecraft:granite":244,"minecraft:budding_amethyst":1,"create:redstone_contact":3,"minecraft:grass_block":685,"minecraft:jungle_log":16,"minecraft:soul_soil":1,"minecraft:polished_diorite":18,"minecraft:crimson_fungus":1,"minecraft:spawner":1,"minecraft:tall_seagrass":1,"minecraft:magma_block":3,"minecraft:iron_ore":84,"minecraft:cobbled_deepslate":2,"minecraft:fire":11,"minecraft:azure_bluet":3,"minecraft:brown_bed":1,"minecraft:water_cauldron":1,"minecraft:dirt_path":2,"minecraft:iron_bars":4,"minecraft:oak_stairs":10,"minecraft:white_banner":1,"create:veridium":39,"create:mechanical_press":2,"create:limestone":21,"create:item_drain":1,"minecraft:deepslate_redstone_ore":30,"create:cogwheel":14,"minecraft:kelp_plant":8,"minecraft:soul_fire":6,"create:steam_whistle_extension":13,"minecraft:clay":1,"minecraft:torch":23,"minecraft:calcite":7,"minecraft:melon":3,"create:scoria":20,"minecraft:nether_quartz_ore":26,"minecraft:cobblestone":986,"minecraft:oak_planks":137,"minecraft:sugar_cane":28,"minecraft:wall_torch":101,"create:cuckoo_clock":3,"minecraft:amethyst_block":1,"minecraft:cauldron":2,"create:large_water_wheel":1,"create:basin":1,"minecraft:seagrass":1,"minecraft:nether_wart_block":5,"minecraft:wheat":587,"create:mechanical_mixer":1,"minecraft:warped_fungus":14,"minecraft:grass":431,"minecraft:oak_log":545,"create:hand_crank":1,"minecraft:sand":90,"minecraft:dirt":2230,"create:encased_chain_drive":8,"minecraft:smooth_basalt":12,"minecraft:netherrack":496,"minecraft:oak_leaves":619,"minecraft:deepslate":167,"create:zinc_ore":64,"minecraft:nether_gold_ore":18,"minecraft:tuff":126,"minecraft:deepslate_diamond_ore":1,"minecraft:oak_door":8,"create:fluid_tank":1,"minecraft:lever":5,"minecraft:glow_lichen":1,"minecraft:ladder":55,"create:large_cogwheel":7,"minecraft:jungle_planks":9,"minecraft:redstone_wire":16,"minecraft:kelp":2,"minecraft:sandstone":36,"minecraft:rooted_dirt":2,"minecraft:hay_block":16,"create:shaft":16,"minecraft:oak_trapdoor":3,"minecraft:andesite":216,"create:scorchia":1,"minecraft:gold_block":2,"minecraft:cobblestone_slab":14,"minecraft:shroomlight":1,"minecraft:deepslate_iron_ore":63,"minecraft:vine":15,"minecraft:rail":3,"minecraft:stripped_oak_log":7,"minecraft:bamboo":1,"minecraft:stone":3959,"minecraft:redstone_wall_torch":2,"minecraft:oak_slab":6,"create:hose_pulley":1,"minecraft:soul_sand":9,"minecraft:basalt":5,"minecraft:dandelion":6,"minecraft:oak_fence":12,"minecraft:crafting_table":9,"minecraft:cornflower":5,"create:fluid_pipe":30,"create:mechanical_pump":4,"minecraft:andesite_slab":1,"minecraft:campfire":1,"create:water_wheel":1,"create:elevator_contact":3,"minecraft:copper_ore":85,"minecraft:tall_grass":1,"minecraft:lapis_ore":2,"minecraft:deepslate_gold_ore":64,"minecraft:diorite":641,"minecraft:cactus":5,"create:gearbox":12,"minecraft:redstone_torch":5,"minecraft:coal_ore":157,"minecraft:cocoa":15,"minecraft:gravel":48,"minecraft:cobweb":22,"minecraft:oak_button":2,"minecraft:fern":148},"minecraft:picked_up":{"minecraft:iron_chestplate":2,"minecraft:wheat":527,"minecraft:lead":3,"minecraft:diamond_sword":2,"minecraft:oak_stairs":10,"minecraft:brown_bed":1,"create:wrench":2,"create:item_drain":1,"minecraft:potion":1,"minecraft:amethyst_block":1,"minecraft:string":39,"minecraft:raw_copper":317,"minecraft:soul_soil":1,"create:limestone":21,"minecraft:shroomlight":1,"create:water_wheel":1,"create:mechanical_press":2,"minecraft:gold_nugget":68,"minecraft:cobbled_deepslate":178,"minecraft:bucket":2,"minecraft:redstone_torch":7,"minecraft:cobblestone_slab":15,"minecraft:calcite":7,"create:contraption_controls":1,"minecraft:iron_pickaxe":3,"minecraft:melon_slice":14,"minecraft:iron_boots":1,"minecraft:stick":104,"create:mechanical_mixer":1,"minecraft:oak_fence":12,"minecraft:torch":260,"create:andesite_casing":13,"create:redstone_contact":12,"minecraft:diorite":757,"minecraft:golden_chestplate":2,"minecraft:cauldron":3,"create:large_cogwheel":8,"minecraft:stone_sword":2,"minecraft:cactus":9,"minecraft:rotten_flesh":76,"create:copper_casing":18,"create:scoria":20,"minecraft:blue_dye":2,"create:veridium":117,"minecraft:iron_bars":4,"minecraft:cobblestone":5084,"minecraft:magma_block":3,"minecraft:water_bucket":4,"create:fluid_tank":1,"minecraft:andesite":274,"minecraft:jungle_log":16,"minecraft:golden_leggings":4,"minecraft:flint":4,"minecraft:tuff":128,"create:raw_zinc":193,"minecraft:lapis_lazuli":24,"minecraft:dirt":3481,"create:encased_chain_drive":8,"minecraft:bone":42,"minecraft:bow":3,"minecraft:wheat_seeds":1593,"minecraft:raw_gold":65,"create:goggles":2,"create:shaft":19,"minecraft:bamboo":13,"create:super_glue":1,"minecraft:oak_planks":205,"create:cogwheel":16,"create:cuckoo_clock":3,"minecraft:sand":89,"minecraft:jungle_planks":9,"create:steam_whistle":2,"minecraft:ink_sac":3,"minecraft:diamond":3,"minecraft:lever":5,"minecraft:granite":343,"minecraft:crossbow":2,"minecraft:bone_meal":44,"minecraft:emerald":3,"minecraft:bread":113,"minecraft:rooted_dirt":2,"minecraft:oak_sapling":138,"minecraft:netherrack":501,"minecraft:andesite_slab":4,"create:copper_sheet":33,"minecraft:charcoal":2,"minecraft:cocoa_beans":45,"minecraft:crafting_table":10,"minecraft:azure_bluet":3,"minecraft:ladder":59,"minecraft:clay_ball":4,"minecraft:gold_block":2,"minecraft:shield":3,"minecraft:cornflower":5,"minecraft:oak_trapdoor":3,"create:fluid_pipe":30,"minecraft:flint_and_steel":2,"minecraft:compass":2,"minecraft:item_frame":1,"create:scorchia":1,"minecraft:oak_boat":1,"create:basin":1,"minecraft:iron_nugget":26,"minecraft:sugar_cane":52,"minecraft:egg":7,"minecraft:raw_iron":154,"minecraft:sandstone":35,"minecraft:oak_door":12,"create:golden_sheet":9,"minecraft:copper_ingot":21,"minecraft:cookie":4,"create:hand_crank":6,"minecraft:redstone":168,"create:vertical_gearbox":9,"minecraft:tnt":4,"minecraft:arrow":57,"minecraft:stone_shovel":5,"minecraft:hay_block":16,"minecraft:oak_chest_boat":19,"minecraft:gold_ingot":8,"minecraft:mutton":3,"minecraft:rail":3,"minecraft:white_wool":3,"minecraft:stripped_oak_log":8,"create:iron_sheet":11,"minecraft:clock":1,"minecraft:basalt":5,"minecraft:glow_ink_sac":3,"minecraft:salmon":1,"minecraft:leather":2,"minecraft:yellow_dye":2,"minecraft:filled_map":1,"minecraft:crimson_fungus":1,"minecraft:oak_log":571,"minecraft:golden_boots":4,"minecraft:nether_wart_block":5,"minecraft:gunpowder":5,"minecraft:cobblestone_stairs":74,"minecraft:white_banner":2,"minecraft:cooked_mutton":1,"minecraft:apple":18,"minecraft:kelp":118,"minecraft:heart_of_the_sea":1,"minecraft:iron_ingot":14,"minecraft:stone_pickaxe":7,"minecraft:iron_sword":1,"minecraft:soul_sand":13,"minecraft:oak_slab":6,"minecraft:smooth_basalt":12,"minecraft:warped_fungus":14,"create:large_water_wheel":1,"create:hose_pulley":1,"minecraft:quartz":26,"minecraft:dandelion":6,"minecraft:gravel":104,"minecraft:amethyst_shard":2,"minecraft:spider_eye":8,"create:gearbox":3,"create:wheat_flour":68,"minecraft:polished_diorite":24,"minecraft:stone_axe":4,"create:mechanical_pump":4,"minecraft:iron_helmet":1,"create:rose_quartz":5,"minecraft:oak_button":2,"minecraft:coal":157,"minecraft:ender_pearl":5},"minecraft:custom":{"minecraft:animals_bred":1,"minecraft:interact_with_crafting_table":563,"minecraft:open_barrel":1537,"minecraft:bell_ring":2,"minecraft:leave_game":24,"minecraft:time_since_death":200669,"minecraft:sprint_one_cm":2509105,"minecraft:damage_blocked_by_shield":4791,"minecraft:drop":750,"minecraft:talked_to_villager":8,"minecraft:play_time":2409643,"minecraft:deaths":7,"minecraft:jump":11214,"minecraft:interact_with_brewingstand":1,"minecraft:walk_on_water_one_cm":638567,"minecraft:interact_with_furnace":173,"minecraft:interact_with_cartography_table":3,"minecraft:sleep_in_bed":28,"minecraft:damage_dealt":27294,"minecraft:crouch_one_cm":66567,"minecraft:mob_kills":149,"minecraft:fill_cauldron":1,"minecraft:interact_with_campfire":60,"minecraft:climb_one_cm":151492,"minecraft:walk_one_cm":7790803,"minecraft:sneak_time":47839,"minecraft:walk_under_water_one_cm":400776,"minecraft:boat_one_cm":1519537,"minecraft:interact_with_blast_furnace":1,"minecraft:total_world_time":2409643,"minecraft:pot_flower":1,"minecraft:time_since_rest":200718,"minecraft:damage_taken":10567,"minecraft:swim_one_cm":78982,"minecraft:fly_one_cm":199644,"minecraft:open_chest":62,"minecraft:fall_one_cm":140213},"minecraft:crafted":{"minecraft:brick":4,"minecraft:oak_planks":1032,"minecraft:cobblestone_slab":78,"minecraft:barrel":16,"minecraft:chain":2,"minecraft:oak_hanging_sign":6,"minecraft:stone":6,"minecraft:cobblestone_stairs":96,"minecraft:lever":1,"create:copper_door":3,"create:deployer":2,"minecraft:cooked_mutton":3,"minecraft:iron_bars":16,"minecraft:green_dye":4,"create:vertical_gearbox":2,"minecraft:glass":7,"create:andesite_funnel":4,"minecraft:bow":1,"minecraft:iron_boots":1,"create:mechanical_press":2,"minecraft:chest":5,"create:spout":1,"minecraft:oak_button":5,"minecraft:copper_block":5,"create:cuckoo_clock":1,"railways:handcar":1,"minecraft:dried_kelp_block":2,"minecraft:oak_fence":66,"create:cogwheel":72,"create:brass_hand":2,"minecraft:flower_pot":1,"create:flywheel":1,"create:depot":1,"minecraft:item_frame":1,"minecraft:oak_slab":48,"minecraft:deepslate":4,"minecraft:wooden_shovel":2,"create:rose_quartz":7,"minecraft:cauldron":1,"minecraft:map":1,"minecraft:crafting_table":8,"create:fluid_pipe":32,"minecraft:wooden_pickaxe":1,"minecraft:iron_helmet":1,"minecraft:brown_dye":3,"minecraft:clock":1,"minecraft:brown_bed":1,"minecraft:copper_ingot":158,"create:sand_paper":1,"minecraft:hay_block":14,"minecraft:campfire":5,"create:encased_chain_drive":10,"create:mechanical_mixer":1,"minecraft:cartography_table":1,"create:gearbox":6,"create:rose_quartz_lamp":1,"create:water_wheel":4,"minecraft:yellow_dye":6,"minecraft:charcoal":52,"minecraft:iron_chestplate":2,"minecraft:wooden_hoe":3,"minecraft:paper":21,"minecraft:golden_leggings":1,"minecraft:shield":4,"create:super_glue":1,"minecraft:stick":388,"minecraft:stone_slab":12,"create:mechanical_pump":2,"minecraft:iron_ingot":147,"minecraft:compass":3,"minecraft:iron_pickaxe":5,"minecraft:iron_block":2,"minecraft:stone_sword":1,"minecraft:gold_ingot":90,"create:large_cogwheel":16,"minecraft:light_gray_dye":3,"minecraft:redstone_torch":1,"create:elevator_pulley":1,"minecraft:composter":1,"create:chute":4,"create:empty_blaze_burner":2,"minecraft:wooden_sword":1,"minecraft:oak_door":6,"minecraft:cookie":160,"minecraft:stone_shovel":20,"create:wrench":2,"create:steam_engine":2,"minecraft:iron_nugget":225,"minecraft:furnace":4,"create:contraption_controls":2,"minecraft:oak_trapdoor":4,"minecraft:flint_and_steel":1,"minecraft:polished_diorite":184,"minecraft:ladder":27,"minecraft:slime_ball":2,"create:millstone":1,"minecraft:lime_dye":8,"minecraft:stone_pickaxe":57,"create:fluid_tank":8,"create:hose_pulley":1,"create:basin":1,"create:electron_tube":4,"create:belt_connector":9,"create:filter":1,"minecraft:wheat":144,"create:steam_whistle":3,"create:andesite_alloy":37,"create:hand_crank":1,"minecraft:diamond_sword":1,"minecraft:dried_kelp":88,"minecraft:iron_sword":3,"create:dough":60,"create:goggles":2,"create:large_water_wheel":2,"create:redstone_contact":6,"minecraft:cooked_salmon":1,"minecraft:polished_granite":84,"create:item_drain":1,"minecraft:bucket":3,"minecraft:stone_axe":7,"minecraft:air":0,"minecraft:bread":150,"minecraft:jungle_planks":24,"minecraft:blue_dye":5,"minecraft:oak_boat":1,"minecraft:oak_chest_boat":1,"create:whisk":1,"minecraft:white_wool":1,"minecraft:white_dye":4,"minecraft:andesite_slab":6,"minecraft:brown_wool":3,"minecraft:oak_stairs":20,"minecraft:wooden_axe":5,"create:shaft":144,"minecraft:torch":320,"create:zinc_ingot":54},"minecraft:dropped":{"minecraft:iron_sword":1,"minecraft:oak_log":1,"minecraft:crafting_table":9,"create:filter":1,"minecraft:dirt":9,"minecraft:yellow_dye":2,"create:iron_sheet":1,"minecraft:sand":1,"minecraft:gold_ingot":15,"minecraft:bone":1,"minecraft:iron_nugget":51,"minecraft:andesite_slab":3,"minecraft:wheat":63,"minecraft:rotten_flesh":17,"create:wheat_flour":392,"minecraft:iron_ingot":17,"create:rose_quartz":13,"minecraft:wheat_seeds":2,"minecraft:cobblestone":2,"minecraft:copper_ingot":63,"minecraft:blue_dye":2,"minecraft:bucket":8,"minecraft:kelp":30,"minecraft:tuff":2,"create:zinc_ingot":15,"minecraft:andesite":54,"minecraft:oak_sapling":4},"minecraft:used":{"create:copper_door":3,"create:deployer":3,"create:scorchia":1,"minecraft:ladder":58,"minecraft:chest":4,"minecraft:shield":198,"minecraft:iron_sword":319,"minecraft:bell":1,"minecraft:iron_chestplate":1,"create:fluid_tank":9,"minecraft:soul_sand":5,"minecraft:cocoa_beans":22,"create:cogwheel":172,"minecraft:jungle_planks":33,"create:depot":1,"minecraft:tuff":39,"minecraft:glass":3,"minecraft:lava_bucket":12,"create:rose_quartz_lamp":3,"minecraft:iron_helmet":1,"create:millstone":2,"create:andesite_funnel":2,"minecraft:magma_block":2,"minecraft:warped_fungus":1,"minecraft:item_frame":2,"minecraft:hay_block":14,"minecraft:bow":32,"create:shaft":216,"minecraft:oak_sapling":106,"create:steam_engine":3,"minecraft:furnace":4,"minecraft:egg":1,"minecraft:oak_chest_boat":19,"minecraft:golden_boots":1,"minecraft:diorite":120,"minecraft:stone_pickaxe":7181,"minecraft:oak_planks":409,"minecraft:cactus":5,"minecraft:wooden_pickaxe":57,"minecraft:sandstone":33,"minecraft:composter":1,"minecraft:sugar_cane":25,"minecraft:cookie":160,"create:spout":1,"minecraft:sand":64,"create:flywheel":8,"minecraft:crossbow":8,"minecraft:redstone_torch":8,"minecraft:lever":6,"minecraft:melon_slice":14,"minecraft:bread":176,"create:contraption_controls":5,"minecraft:polished_granite":76,"create:andesite_casing":1,"minecraft:gravel":17,"minecraft:nether_wart_block":5,"minecraft:diamond_sword":184,"minecraft:wooden_sword":56,"create:basin":2,"minecraft:andesite":7,"minecraft:oak_boat":1,"create:steam_whistle":2,"create:vertical_gearbox":20,"minecraft:oak_hanging_sign":1,"create:large_cogwheel":76,"minecraft:experience_bottle":1,"minecraft:oak_fence":72,"minecraft:oak_trapdoor":4,"minecraft:iron_bars":8,"minecraft:stone_sword":116,"railways:handcar":1,"minecraft:flint_and_steel":20,"minecraft:stone_shovel":2441,"minecraft:redstone":40,"create:cuckoo_clock":5,"minecraft:cooked_salmon":1,"minecraft:wooden_shovel":123,"minecraft:netherrack":237,"minecraft:oak_door":11,"minecraft:torch":455,"create:mechanical_pump":7,"minecraft:dirt":2109,"create:mechanical_mixer":3,"create:copper_casing":30,"create:redstone_contact":16,"minecraft:golden_chestplate":1,"minecraft:granite":25,"minecraft:polished_diorite":198,"create:chute":2,"minecraft:shroomlight":1,"minecraft:wooden_axe":302,"create:wrench":702,"minecraft:filled_map":5,"create:gearbox":14,"minecraft:oak_stairs":28,"minecraft:rooted_dirt":2,"create:hose_pulley":2,"minecraft:jungle_log":1,"minecraft:iron_boots":1,"minecraft:barrel":8,"minecraft:bamboo":1,"create:encased_chain_drive":52,"minecraft:soul_soil":1,"create:fluid_pipe":90,"minecraft:cobbled_deepslate":80,"minecraft:brown_bed":2,"create:belt_connector":66,"minecraft:wheat_seeds":1596,"minecraft:cooked_mutton":3,"minecraft:water_bucket":19,"minecraft:cobblestone_stairs":158,"minecraft:cartography_table":1,"minecraft:andesite_slab":1,"minecraft:cobblestone_slab":87,"minecraft:cauldron":3,"minecraft:glow_ink_sac":1,"create:blaze_burner":2,"create:item_drain":2,"minecraft:crafting_table":16,"minecraft:oak_slab":7,"minecraft:campfire":5,"create:filter":22,"minecraft:oak_log":229,"create:track":21,"minecraft:wooden_hoe":85,"minecraft:flower_pot":1,"minecraft:apple":9,"create:mechanical_press":5,"minecraft:oak_button":5,"minecraft:iron_pickaxe":711,"minecraft:map":1,"create:water_wheel":6,"create:large_water_wheel":4,"minecraft:golden_leggings":1,"minecraft:stone_axe":711,"minecraft:cobblestone":3852,"minecraft:white_banner":2,"minecraft:bucket":93,"create:hand_crank":13,"minecraft:stripped_oak_log":1,"create:elevator_pulley":1}},"DataVersion":3465}