{"stats":{"minecraft:killed":{"minecraft:cave_spider":4,"minecraft:spider":17,"minecraft:skeleton":36,"minecraft:zombie_villager":1,"minecraft:creeper":11,"minecraft:sheep":3,"minecraft:pillager":6,"minecraft:zombie":64,"minecraft:drowned":14,"minecraft:bat":1,"minecraft:enderman":8},"minecraft:dropped":{"minecraft:iron_sword":1,"minecraft:oak_log":1,"minecraft:crafting_table":9,"create:filter":1,"minecraft:dirt":9,"minecraft:yellow_dye":2,"create:iron_sheet":1,"minecraft:sand":1,"minecraft:gold_ingot":15,"minecraft:bone":1,"minecraft:iron_nugget":75,"minecraft:andesite_slab":3,"minecraft:wheat":63,"minecraft:rotten_flesh":45,"create:wheat_flour":392,"minecraft:iron_ingot":17,"create:rose_quartz":17,"minecraft:wheat_seeds":2,"minecraft:cobblestone":22,"minecraft:copper_ingot":73,"minecraft:blue_dye":2,"minecraft:torch":1,"minecraft:bucket":8,"minecraft:kelp":30,"minecraft:tuff":2,"create:zinc_ingot":25,"minecraft:andesite":81,"minecraft:oak_sapling":4},"minecraft:used":{"create:copper_door":3,"create:deployer":7,"create:scorchia":1,"minecraft:ladder":58,"minecraft:chest":4,"minecraft:shield":213,"minecraft:iron_sword":319,"minecraft:bell":1,"minecraft:iron_chestplate":1,"create:fluid_tank":12,"minecraft:soul_sand":5,"minecraft:cocoa_beans":22,"create:cogwheel":190,"minecraft:jungle_planks":33,"create:mechanical_crafter":21,"create:depot":1,"minecraft:tuff":39,"minecraft:glass":7,"minecraft:lava_bucket":12,"create:rose_quartz_lamp":13,"minecraft:iron_helmet":1,"create:millstone":2,"create:andesite_funnel":5,"minecraft:magma_block":2,"minecraft:warped_fungus":1,"minecraft:item_frame":2,"minecraft:hay_block":14,"minecraft:bow":32,"create:shaft":232,"minecraft:oak_sapling":113,"create:steam_engine":3,"minecraft:furnace":4,"minecraft:egg":1,"minecraft:oak_chest_boat":21,"minecraft:golden_boots":1,"minecraft:diorite":133,"create:crushing_wheel":4,"minecraft:stone_pickaxe":8677,"minecraft:oak_planks":409,"minecraft:cactus":5,"minecraft:wooden_pickaxe":57,"minecraft:sandstone":33,"minecraft:composter":1,"minecraft:sugar_cane":25,"minecraft:cookie":160,"create:spout":1,"minecraft:sand":64,"create:flywheel":9,"minecraft:crossbow":19,"minecraft:redstone_torch":21,"minecraft:lever":6,"create:copper_backtank":8,"minecraft:melon_slice":14,"minecraft:bread":202,"create:contraption_controls":5,"minecraft:polished_granite":196,"create:andesite_casing":1,"minecraft:gravel":17,"minecraft:nether_wart_block":5,"minecraft:diamond_sword":252,"minecraft:wooden_sword":56,"create:basin":2,"minecraft:andesite":7,"minecraft:oak_boat":1,"create:steam_whistle":2,"create:vertical_gearbox":25,"minecraft:bone_meal":46,"minecraft:oak_hanging_sign":1,"minecraft:oak_fence":72,"create:large_cogwheel":79,"minecraft:experience_bottle":1,"minecraft:oak_trapdoor":4,"minecraft:iron_bars":8,"minecraft:stone_sword":116,"railways:handcar":3,"minecraft:flint_and_steel":20,"minecraft:stone_shovel":2995,"minecraft:redstone":40,"create:cuckoo_clock":5,"minecraft:cooked_salmon":1,"minecraft:wooden_shovel":123,"minecraft:netherrack":237,"minecraft:oak_door":11,"minecraft:torch":498,"create:mechanical_pump":8,"minecraft:dirt":2723,"create:mechanical_mixer":3,"create:copper_casing":30,"create:redstone_contact":16,"minecraft:golden_chestplate":1,"minecraft:granite":25,"minecraft:polished_diorite":274,"create:chute":2,"minecraft:shroomlight":1,"minecraft:wooden_axe":302,"create:wrench":836,"minecraft:filled_map":5,"create:gearbox":15,"minecraft:oak_stairs":28,"minecraft:rooted_dirt":2,"create:hose_pulley":2,"minecraft:jungle_log":1,"minecraft:iron_boots":1,"minecraft:barrel":9,"minecraft:bamboo":1,"create:encased_chain_drive":53,"minecraft:soul_soil":1,"create:fluid_pipe":90,"minecraft:cobbled_deepslate":80,"minecraft:brown_bed":2,"create:belt_connector":68,"minecraft:wheat_seeds":1886,"minecraft:cooked_mutton":3,"minecraft:water_bucket":28,"minecraft:cobblestone_stairs":194,"minecraft:cartography_table":1,"minecraft:andesite_slab":1,"minecraft:cobblestone_slab":93,"minecraft:cauldron":3,"minecraft:glow_ink_sac":1,"create:blaze_burner":2,"create:item_drain":3,"minecraft:crafting_table":17,"minecraft:oak_slab":7,"minecraft:campfire":5,"create:filter":22,"minecraft:oak_log":238,"create:track":30,"minecraft:wooden_hoe":85,"minecraft:flower_pot":1,"minecraft:apple":9,"create:mechanical_press":5,"minecraft:oak_button":5,"minecraft:iron_pickaxe":788,"minecraft:map":1,"create:water_wheel":8,"create:large_water_wheel":4,"minecraft:golden_leggings":1,"minecraft:stone_axe":779,"minecraft:cobblestone":4568,"minecraft:white_banner":2,"minecraft:bucket":102,"create:hand_crank":24,"minecraft:stripped_oak_log":1,"create:elevator_pulley":1},"minecraft:broken":{"minecraft:golden_boots":1,"minecraft:wooden_shovel":2,"minecraft:stone_pickaxe":64,"minecraft:stone_axe":3,"minecraft:wooden_axe":4,"minecraft:stone_shovel":22,"minecraft:iron_pickaxe":1,"minecraft:wooden_hoe":1,"create:sand_paper":1},"minecraft:killed_by":{"minecraft:creeper":1,"minecraft:zombie":1,"minecraft:hoglin":2,"minecraft:skeleton":2},"minecraft:mined":{"create:deepslate_zinc_ore":37,"minecraft:oak_sapling":4,"create:copper_casing":6,"create:andesite_casing":13,"minecraft:cobblestone_stairs":82,"minecraft:jungle_leaves":8,"minecraft:cave_vines_plant":1,"minecraft:granite":769,"minecraft:budding_amethyst":1,"create:redstone_contact":3,"minecraft:grass_block":687,"minecraft:jungle_log":23,"minecraft:soul_soil":1,"minecraft:polished_diorite":30,"minecraft:crimson_fungus":1,"minecraft:spawner":1,"minecraft:tall_seagrass":1,"minecraft:magma_block":3,"minecraft:iron_ore":91,"minecraft:cobbled_deepslate":2,"minecraft:fire":11,"minecraft:azure_bluet":3,"minecraft:brown_bed":1,"minecraft:water_cauldron":1,"minecraft:dirt_path":2,"minecraft:iron_bars":4,"minecraft:oak_stairs":10,"minecraft:white_banner":1,"create:veridium":39,"create:mechanical_press":2,"create:limestone":21,"create:item_drain":1,"minecraft:deepslate_redstone_ore":44,"create:cogwheel":14,"minecraft:kelp_plant":8,"minecraft:soul_fire":6,"create:steam_whistle_extension":13,"minecraft:clay":1,"minecraft:torch":26,"minecraft:calcite":7,"minecraft:melon":3,"create:scoria":20,"minecraft:nether_quartz_ore":26,"minecraft:cobblestone":1252,"minecraft:oak_planks":137,"minecraft:sugar_cane":28,"minecraft:wall_torch":111,"create:cuckoo_clock":3,"minecraft:amethyst_block":1,"minecraft:cauldron":2,"create:large_water_wheel":1,"create:rose_quartz_lamp":8,"create:basin":1,"minecraft:seagrass":1,"minecraft:nether_wart_block":5,"minecraft:wheat":697,"create:mechanical_mixer":1,"minecraft:warped_fungus":14,"minecraft:grass":431,"minecraft:oak_log":581,"create:hand_crank":2,"minecraft:sand":100,"minecraft:dirt":2815,"create:encased_chain_drive":8,"minecraft:smooth_basalt":12,"minecraft:netherrack":496,"minecraft:oak_leaves":687,"minecraft:deepslate":173,"create:zinc_ore":64,"minecraft:nether_gold_ore":18,"create:copper_backtank":4,"minecraft:tuff":126,"minecraft:deepslate_diamond_ore":1,"minecraft:oak_door":8,"create:fluid_tank":1,"minecraft:lever":5,"minecraft:glow_lichen":2,"minecraft:ladder":55,"create:large_cogwheel":7,"minecraft:jungle_planks":9,"minecraft:redstone_wire":16,"minecraft:kelp":2,"minecraft:sandstone":36,"minecraft:rooted_dirt":2,"minecraft:hay_block":18,"create:shaft":16,"minecraft:oak_trapdoor":3,"minecraft:andesite":359,"create:scorchia":1,"minecraft:gold_block":2,"minecraft:cobblestone_slab":17,"minecraft:shroomlight":1,"minecraft:deepslate_iron_ore":72,"minecraft:vine":16,"minecraft:rail":3,"minecraft:stripped_oak_log":7,"minecraft:bamboo":1,"minecraft:stone":4359,"minecraft:redstone_wall_torch":7,"minecraft:oak_slab":6,"create:hose_pulley":1,"minecraft:soul_sand":9,"minecraft:basalt":5,"minecraft:polished_granite":50,"minecraft:dandelion":6,"minecraft:oak_fence":12,"minecraft:crafting_table":10,"minecraft:cornflower":5,"create:fluid_pipe":30,"create:mechanical_pump":4,"minecraft:andesite_slab":1,"minecraft:campfire":1,"create:water_wheel":2,"create:elevator_contact":3,"minecraft:copper_ore":98,"minecraft:tall_grass":1,"minecraft:lapis_ore":2,"minecraft:deepslate_gold_ore":64,"minecraft:diorite":681,"minecraft:cactus":5,"create:gearbox":13,"minecraft:redstone_torch":13,"create:crushing_wheel":2,"minecraft:coal_ore":203,"minecraft:cocoa":15,"minecraft:gravel":48,"minecraft:cobweb":22,"minecraft:oak_button":2,"create:andesite_funnel":2,"minecraft:fern":148},"minecraft:custom":{"minecraft:animals_bred":1,"minecraft:interact_with_crafting_table":634,"minecraft:open_barrel":1796,"minecraft:bell_ring":2,"minecraft:leave_game":25,"minecraft:time_since_death":533834,"minecraft:sprint_one_cm":2952479,"minecraft:damage_blocked_by_shield":5201,"minecraft:drop":874,"minecraft:talked_to_villager":8,"minecraft:play_time":2742808,"minecraft:deaths":7,"minecraft:jump":11946,"minecraft:interact_with_brewingstand":1,"minecraft:walk_on_water_one_cm":760973,"minecraft:interact_with_furnace":193,"minecraft:interact_with_cartography_table":3,"minecraft:sleep_in_bed":29,"minecraft:damage_dealt":31274,"minecraft:crouch_one_cm":74050,"minecraft:mob_kills":173,"minecraft:fill_cauldron":1,"minecraft:interact_with_campfire":60,"minecraft:climb_one_cm":155821,"minecraft:walk_one_cm":8896418,"minecraft:sneak_time":52017,"minecraft:walk_under_water_one_cm":530572,"minecraft:boat_one_cm":1530112,"minecraft:interact_with_blast_furnace":1,"minecraft:total_world_time":2742808,"minecraft:pot_flower":1,"minecraft:time_since_rest":215290,"minecraft:damage_taken":11383,"minecraft:swim_one_cm":85371,"minecraft:fly_one_cm":227802,"minecraft:open_chest":70,"minecraft:fall_one_cm":149749},"minecraft:picked_up":{"minecraft:iron_chestplate":2,"minecraft:wheat":630,"minecraft:lead":3,"minecraft:diamond_sword":2,"minecraft:oak_stairs":10,"minecraft:brown_bed":1,"create:wrench":2,"create:item_drain":1,"minecraft:potion":1,"minecraft:amethyst_block":1,"minecraft:string":47,"minecraft:raw_copper":349,"minecraft:soul_soil":1,"create:limestone":21,"create:andesite_funnel":2,"minecraft:shroomlight":1,"create:water_wheel":2,"create:mechanical_press":2,"minecraft:gold_nugget":68,"minecraft:cobbled_deepslate":194,"minecraft:bucket":2,"minecraft:redstone_torch":20,"minecraft:cobblestone_slab":18,"minecraft:calcite":7,"create:contraption_controls":1,"minecraft:iron_pickaxe":3,"minecraft:melon_slice":14,"minecraft:iron_boots":1,"minecraft:stick":104,"create:mechanical_mixer":1,"minecraft:oak_fence":12,"minecraft:torch":277,"create:andesite_casing":13,"create:redstone_contact":12,"minecraft:diorite":795,"minecraft:golden_chestplate":2,"minecraft:cauldron":3,"create:large_cogwheel":8,"minecraft:stone_sword":2,"minecraft:cactus":9,"minecraft:rotten_flesh":86,"create:copper_casing":18,"create:scoria":20,"minecraft:blue_dye":2,"create:veridium":117,"minecraft:iron_bars":4,"minecraft:cobblestone":5726,"minecraft:magma_block":3,"minecraft:water_bucket":4,"create:fluid_tank":1,"minecraft:andesite":417,"minecraft:jungle_log":23,"minecraft:golden_leggings":4,"minecraft:flint":4,"minecraft:tuff":128,"create:raw_zinc":193,"minecraft:lapis_lazuli":24,"minecraft:dirt":4062,"minecraft:polished_granite":50,"create:encased_chain_drive":8,"minecraft:bone":48,"minecraft:bow":3,"minecraft:wheat_seeds":1883,"minecraft:raw_gold":65,"create:goggles":2,"create:shaft":19,"minecraft:bamboo":13,"create:super_glue":1,"minecraft:oak_planks":205,"create:cogwheel":16,"create:cuckoo_clock":3,"minecraft:sand":99,"minecraft:jungle_planks":9,"create:steam_whistle":2,"minecraft:ink_sac":3,"minecraft:diamond":3,"minecraft:lever":5,"minecraft:granite":868,"minecraft:crossbow":2,"minecraft:bone_meal":54,"minecraft:emerald":3,"minecraft:bread":113,"minecraft:rooted_dirt":2,"minecraft:oak_sapling":143,"minecraft:netherrack":501,"minecraft:andesite_slab":4,"create:copper_sheet":33,"minecraft:charcoal":2,"minecraft:cocoa_beans":45,"minecraft:crafting_table":11,"minecraft:azure_bluet":3,"minecraft:ladder":59,"minecraft:clay_ball":4,"minecraft:gold_block":2,"minecraft:shield":3,"minecraft:cornflower":5,"minecraft:oak_trapdoor":3,"create:fluid_pipe":30,"minecraft:flint_and_steel":2,"minecraft:compass":2,"minecraft:item_frame":1,"create:scorchia":1,"minecraft:oak_boat":1,"create:basin":1,"minecraft:iron_nugget":26,"minecraft:sugar_cane":52,"minecraft:egg":7,"minecraft:raw_iron":171,"minecraft:sandstone":35,"minecraft:oak_door":12,"create:golden_sheet":9,"minecraft:copper_ingot":21,"create:copper_backtank":4,"minecraft:cookie":4,"create:hand_crank":14,"minecraft:redstone":232,"create:vertical_gearbox":10,"minecraft:tnt":4,"minecraft:arrow":68,"minecraft:stone_shovel":5,"minecraft:hay_block":18,"minecraft:oak_chest_boat":21,"minecraft:gold_ingot":8,"minecraft:mutton":3,"minecraft:rail":3,"minecraft:white_wool":3,"minecraft:stripped_oak_log":8,"create:iron_sheet":11,"minecraft:clock":1,"minecraft:basalt":5,"minecraft:glow_ink_sac":3,"minecraft:salmon":1,"minecraft:leather":2,"minecraft:yellow_dye":2,"minecraft:filled_map":1,"minecraft:crimson_fungus":1,"minecraft:oak_log":607,"minecraft:golden_boots":4,"minecraft:nether_wart_block":5,"minecraft:gunpowder":7,"minecraft:cobblestone_stairs":81,"minecraft:white_banner":2,"minecraft:cooked_mutton":1,"create:crushing_wheel":2,"minecraft:apple":18,"minecraft:kelp":118,"minecraft:heart_of_the_sea":1,"minecraft:iron_ingot":14,"minecraft:stone_pickaxe":7,"minecraft:iron_sword":1,"minecraft:soul_sand":13,"minecraft:oak_slab":6,"minecraft:smooth_basalt":12,"minecraft:warped_fungus":14,"create:large_water_wheel":1,"create:hose_pulley":1,"minecraft:quartz":26,"minecraft:dandelion":6,"minecraft:gravel":104,"minecraft:amethyst_shard":2,"minecraft:spider_eye":14,"create:gearbox":3,"create:wheat_flour":68,"minecraft:polished_diorite":36,"minecraft:stone_axe":4,"create:mechanical_pump":4,"minecraft:iron_helmet":1,"create:rose_quartz":5,"create:rose_quartz_lamp":8,"minecraft:oak_button":2,"minecraft:coal":203,"minecraft:ender_pearl":7},"minecraft:crafted":{"minecraft:brick":4,"minecraft:oak_planks":1140,"minecraft:cobblestone_slab":78,"minecraft:barrel":24,"minecraft:chain":2,"minecraft:oak_hanging_sign":6,"minecraft:stone":7,"minecraft:cobblestone_stairs":120,"minecraft:lever":1,"create:copper_door":3,"create:deployer":2,"minecraft:cooked_mutton":3,"minecraft:iron_bars":16,"minecraft:green_dye":4,"create:vertical_gearbox":2,"minecraft:glass":16,"create:andesite_funnel":4,"minecraft:bow":1,"minecraft:iron_boots":1,"create:mechanical_press":2,"minecraft:chest":5,"create:spout":1,"minecraft:oak_button":5,"minecraft:copper_block":6,"create:cuckoo_clock":1,"railways:handcar":1,"minecraft:dried_kelp_block":2,"minecraft:oak_fence":66,"create:cogwheel":83,"minecraft:flower_pot":1,"create:brass_hand":2,"create:flywheel":1,"create:depot":1,"minecraft:item_frame":1,"minecraft:oak_slab":60,"minecraft:deepslate":4,"minecraft:wooden_shovel":2,"create:rose_quartz":16,"minecraft:cauldron":1,"minecraft:map":1,"minecraft:crafting_table":15,"create:fluid_pipe":32,"minecraft:wooden_pickaxe":1,"minecraft:iron_helmet":1,"minecraft:brown_dye":3,"minecraft:clock":1,"minecraft:brown_bed":1,"minecraft:copper_ingot":188,"create:sand_paper":2,"minecraft:hay_block":14,"minecraft:campfire":5,"create:encased_chain_drive":11,"create:mechanical_mixer":1,"minecraft:cartography_table":1,"create:gearbox":7,"create:rose_quartz_lamp":3,"create:water_wheel":4,"minecraft:yellow_dye":6,"minecraft:iron_chestplate":2,"minecraft:wooden_hoe":3,"minecraft:paper":21,"minecraft:charcoal":52,"minecraft:golden_leggings":1,"minecraft:shield":4,"create:super_glue":1,"minecraft:stick":428,"minecraft:stone_slab":12,"create:mechanical_pump":3,"minecraft:iron_ingot":164,"minecraft:compass":3,"minecraft:iron_pickaxe":5,"minecraft:iron_block":2,"minecraft:stone_sword":1,"minecraft:gold_ingot":90,"create:large_cogwheel":17,"minecraft:light_gray_dye":3,"minecraft:redstone_torch":3,"create:elevator_pulley":1,"minecraft:composter":1,"create:empty_blaze_burner":2,"create:chute":4,"minecraft:wooden_sword":1,"minecraft:oak_door":6,"minecraft:cookie":160,"minecraft:stone_shovel":24,"create:wrench":2,"create:steam_engine":2,"minecraft:iron_nugget":252,"minecraft:furnace":4,"create:copper_backtank":1,"create:contraption_controls":2,"minecraft:oak_trapdoor":4,"minecraft:flint_and_steel":1,"minecraft:polished_diorite":260,"minecraft:ladder":27,"minecraft:slime_ball":2,"create:millstone":1,"minecraft:lime_dye":8,"minecraft:stone_pickaxe":68,"create:fluid_tank":15,"create:hose_pulley":1,"create:basin":1,"create:electron_tube":11,"create:belt_connector":10,"create:filter":1,"minecraft:wheat":162,"create:steam_whistle":3,"create:andesite_alloy":37,"create:hand_crank":1,"minecraft:diamond_sword":1,"minecraft:dried_kelp":88,"minecraft:iron_sword":3,"create:dough":60,"create:goggles":2,"create:large_water_wheel":2,"create:redstone_contact":6,"minecraft:cooked_salmon":1,"minecraft:polished_granite":176,"create:item_drain":1,"minecraft:bucket":3,"minecraft:stone_axe":9,"minecraft:jungle_slab":6,"minecraft:air":0,"minecraft:bread":190,"minecraft:jungle_planks":52,"minecraft:blue_dye":5,"minecraft:oak_boat":1,"minecraft:oak_chest_boat":1,"create:whisk":1,"minecraft:white_wool":1,"minecraft:white_dye":4,"minecraft:andesite_slab":6,"minecraft:brown_wool":3,"create:mechanical_crafter":21,"minecraft:oak_stairs":20,"minecraft:wooden_axe":5,"create:shaft":160,"create:copper_diving_helmet":1,"minecraft:torch":368,"create:zinc_ingot":64}},"DataVersion":3465}