{"stats":{"minecraft:broken":{"minecraft:golden_boots":1,"minecraft:wooden_shovel":2,"minecraft:stone_pickaxe":70,"minecraft:stone_axe":6,"minecraft:wooden_axe":4,"minecraft:stone_shovel":23,"minecraft:iron_pickaxe":1,"minecraft:wooden_hoe":1,"create:sand_paper":1},"minecraft:picked_up":{"minecraft:iron_chestplate":3,"minecraft:wheat":805,"minecraft:lead":3,"minecraft:diamond_sword":2,"minecraft:oak_stairs":32,"minecraft:brown_bed":1,"create:wrench":2,"create:item_drain":1,"minecraft:potion":1,"minecraft:amethyst_block":1,"minecraft:string":93,"minecraft:soul_soil":1,"minecraft:raw_copper":381,"create:limestone":21,"minecraft:shroomlight":1,"create:andesite_funnel":6,"create:water_wheel":6,"create:mechanical_press":2,"minecraft:gold_nugget":68,"minecraft:cobbled_deepslate":282,"minecraft:bucket":3,"minecraft:redstone_torch":20,"minecraft:cobblestone_slab":24,"minecraft:calcite":7,"create:contraption_controls":1,"minecraft:iron_pickaxe":4,"minecraft:melon_slice":14,"minecraft:iron_boots":1,"minecraft:stick":127,"create:mechanical_mixer":1,"minecraft:oak_fence":22,"minecraft:torch":323,"create:andesite_casing":14,"create:redstone_contact":12,"minecraft:diorite":797,"minecraft:golden_chestplate":2,"minecraft:cauldron":3,"create:large_cogwheel":8,"minecraft:stone_sword":2,"minecraft:cactus":9,"minecraft:rotten_flesh":102,"create:copper_casing":18,"create:scoria":20,"create:track":2,"minecraft:blue_dye":2,"create:veridium":117,"minecraft:obsidian":10,"minecraft:iron_bars":4,"minecraft:cobblestone":6179,"minecraft:magma_block":3,"minecraft:water_bucket":4,"create:fluid_tank":1,"minecraft:andesite":463,"minecraft:jungle_log":23,"minecraft:golden_leggings":5,"create:belt_connector":3,"minecraft:flint":4,"minecraft:tuff":164,"create:raw_zinc":194,"minecraft:lapis_lazuli":24,"minecraft:dirt":4236,"minecraft:polished_granite":50,"create:encased_chain_drive":8,"minecraft:glass":4,"minecraft:bone":61,"minecraft:bow":3,"minecraft:wheat_seeds":2390,"minecraft:raw_gold":66,"create:goggles":3,"create:shaft":27,"minecraft:bamboo":13,"minecraft:powered_rail":5,"create:super_glue":1,"minecraft:oak_planks":381,"create:experience_block":1,"create:cogwheel":25,"create:cuckoo_clock":3,"minecraft:sand":209,"minecraft:jungle_planks":9,"create:steam_whistle":2,"minecraft:ink_sac":3,"minecraft:barrel":9,"minecraft:diamond":4,"minecraft:lever":5,"minecraft:crossbow":3,"minecraft:granite":942,"minecraft:bone_meal":67,"minecraft:golden_apple":1,"minecraft:emerald":3,"minecraft:bread":147,"minecraft:rooted_dirt":2,"minecraft:oak_sapling":169,"minecraft:netherrack":501,"minecraft:andesite_slab":4,"create:copper_sheet":34,"minecraft:charcoal":2,"minecraft:cocoa_beans":45,"minecraft:crafting_table":12,"minecraft:azure_bluet":3,"minecraft:ladder":59,"minecraft:clay_ball":4,"minecraft:chest_minecart":1,"minecraft:gold_block":2,"minecraft:shield":4,"minecraft:cornflower":5,"minecraft:oak_trapdoor":3,"create:fluid_pipe":30,"minecraft:flint_and_steel":3,"minecraft:compass":3,"minecraft:item_frame":1,"create:scorchia":1,"minecraft:detector_rail":2,"minecraft:oak_boat":1,"create:basin":1,"minecraft:iron_nugget":26,"minecraft:sugar_cane":52,"minecraft:egg":7,"minecraft:raw_iron":231,"minecraft:sandstone":35,"minecraft:oak_door":12,"create:golden_sheet":9,"minecraft:copper_ingot":24,"minecraft:cookie":4,"create:copper_backtank":4,"create:hand_crank":16,"minecraft:redstone":310,"create:vertical_gearbox":10,"minecraft:tnt":4,"minecraft:arrow":93,"minecraft:stone_shovel":6,"minecraft:hay_block":18,"minecraft:gold_ingot":8,"minecraft:oak_chest_boat":21,"minecraft:mutton":3,"minecraft:rail":5,"minecraft:white_wool":3,"minecraft:stripped_oak_log":11,"create:iron_sheet":11,"minecraft:clock":1,"minecraft:basalt":5,"minecraft:glow_ink_sac":3,"minecraft:salmon":1,"minecraft:leather":2,"minecraft:yellow_dye":2,"minecraft:filled_map":1,"minecraft:crimson_fungus":1,"minecraft:oak_log":787,"minecraft:golden_boots":4,"minecraft:nether_wart_block":5,"minecraft:gunpowder":12,"minecraft:cobblestone_stairs":113,"minecraft:white_banner":2,"minecraft:cooked_mutton":1,"create:crushing_wheel":2,"minecraft:apple":21,"minecraft:kelp":170,"minecraft:heart_of_the_sea":1,"minecraft:iron_ingot":17,"minecraft:stone_pickaxe":9,"minecraft:iron_sword":3,"minecraft:soul_sand":14,"minecraft:oak_slab":6,"minecraft:smooth_basalt":12,"minecraft:warped_fungus":14,"create:large_water_wheel":2,"create:hose_pulley":1,"minecraft:quartz":26,"minecraft:dandelion":6,"minecraft:gravel":134,"minecraft:amethyst_shard":2,"minecraft:spider_eye":14,"create:gearbox":3,"create:wheat_flour":68,"minecraft:pumpkin_seeds":2,"minecraft:polished_diorite":43,"minecraft:stone_axe":4,"create:mechanical_pump":4,"minecraft:iron_helmet":1,"create:rose_quartz":5,"create:rose_quartz_lamp":8,"minecraft:oak_button":2,"minecraft:coal":203,"minecraft:ender_pearl":7},"minecraft:killed_by":{"minecraft:creeper":1,"minecraft:zombie":1,"minecraft:hoglin":2,"minecraft:skeleton":2},"minecraft:killed":{"minecraft:cave_spider":9,"minecraft:spider":18,"minecraft:skeleton":46,"minecraft:zombie_villager":1,"minecraft:creeper":15,"minecraft:sheep":3,"minecraft:pillager":6,"minecraft:zombie":83,"minecraft:drowned":14,"minecraft:bat":1,"minecraft:enderman":8},"minecraft:used":{"create:copper_door":3,"create:deployer":10,"create:scorchia":1,"minecraft:ladder":58,"minecraft:chest":4,"minecraft:shield":251,"minecraft:iron_sword":500,"create:railway_casing":6,"minecraft:rotten_flesh":3,"minecraft:bell":1,"minecraft:iron_chestplate":1,"create:fluid_tank":13,"minecraft:soul_sand":6,"minecraft:cocoa_beans":22,"create:cogwheel":367,"minecraft:jungle_planks":33,"create:mechanical_crafter":21,"create:depot":2,"minecraft:tuff":52,"minecraft:glass":11,"minecraft:lava_bucket":24,"create:rose_quartz_lamp":13,"minecraft:iron_helmet":1,"create:millstone":2,"create:andesite_funnel":21,"create:shaft":331,"minecraft:magma_block":2,"minecraft:oak_sapling":144,"minecraft:warped_fungus":1,"create:experience_block":1,"minecraft:item_frame":2,"minecraft:hay_block":18,"minecraft:bow":32,"create:steam_engine":4,"minecraft:furnace":4,"minecraft:egg":1,"minecraft:oak_chest_boat":21,"minecraft:golden_boots":1,"minecraft:diorite":133,"create:crushing_wheel":6,"minecraft:stone_pickaxe":9434,"minecraft:powered_rail":1,"minecraft:oak_planks":692,"minecraft:cactus":5,"minecraft:wooden_pickaxe":57,"minecraft:sandstone":33,"minecraft:sugar_cane":25,"minecraft:composter":1,"minecraft:cookie":160,"create:spout":3,"create:track_station":2,"minecraft:sand":173,"create:flywheel":9,"minecraft:crossbow":19,"minecraft:redstone_torch":21,"minecraft:lever":6,"minecraft:melon_slice":14,"create:copper_backtank":8,"minecraft:bread":264,"create:contraption_controls":5,"minecraft:polished_granite":196,"minecraft:deepslate":4,"create:andesite_casing":5,"minecraft:gravel":25,"minecraft:nether_wart_block":5,"minecraft:diamond_sword":259,"minecraft:wooden_sword":56,"create:basin":5,"create:stressometer":7,"minecraft:andesite":7,"minecraft:oak_fence":80,"minecraft:oak_boat":1,"create:steam_whistle":2,"create:vertical_gearbox":26,"create:large_cogwheel":84,"minecraft:oak_hanging_sign":1,"minecraft:bone_meal":46,"minecraft:oak_trapdoor":4,"minecraft:experience_bottle":1,"minecraft:iron_bars":8,"minecraft:stone_sword":116,"railways:handcar":3,"minecraft:flint_and_steel":20,"minecraft:stone_shovel":3226,"minecraft:redstone":40,"create:cuckoo_clock":5,"minecraft:cooked_salmon":1,"minecraft:wooden_shovel":123,"minecraft:netherrack":237,"minecraft:oak_door":11,"minecraft:torch":601,"create:mechanical_pump":10,"minecraft:dirt":3199,"minecraft:wheat":1,"create:mechanical_mixer":3,"create:copper_casing":30,"create:redstone_contact":16,"minecraft:golden_chestplate":1,"minecraft:granite":26,"minecraft:polished_diorite":282,"create:chute":5,"minecraft:shroomlight":1,"minecraft:wooden_axe":302,"create:wrench":1305,"minecraft:filled_map":5,"create:gearbox":18,"minecraft:oak_stairs":70,"minecraft:rooted_dirt":2,"create:hose_pulley":2,"minecraft:jungle_log":1,"minecraft:iron_boots":1,"minecraft:barrel":25,"minecraft:bamboo":1,"create:encased_chain_drive":60,"minecraft:soul_soil":1,"create:fluid_pipe":102,"minecraft:cobbled_deepslate":267,"minecraft:brown_bed":2,"create:belt_connector":121,"minecraft:wheat_seeds":2392,"minecraft:cooked_mutton":3,"minecraft:water_bucket":36,"minecraft:cobblestone_stairs":252,"minecraft:cartography_table":1,"minecraft:andesite_slab":1,"minecraft:cobblestone_slab":109,"minecraft:cauldron":3,"minecraft:glow_ink_sac":1,"create:blaze_burner":2,"create:item_drain":3,"minecraft:rail":2,"minecraft:crafting_table":20,"minecraft:oak_slab":7,"minecraft:campfire":5,"create:filter":22,"minecraft:oak_log":343,"create:track":39,"minecraft:wooden_hoe":92,"minecraft:flower_pot":1,"minecraft:diamond_pickaxe":9,"minecraft:apple":11,"create:mechanical_press":9,"minecraft:oak_button":5,"minecraft:iron_pickaxe":838,"minecraft:map":1,"create:water_wheel":21,"create:large_water_wheel":7,"minecraft:golden_leggings":1,"minecraft:stone_axe":1255,"minecraft:cobblestone":5209,"minecraft:white_banner":2,"minecraft:bucket":125,"create:hand_crank":37,"minecraft:stripped_oak_log":4,"create:elevator_pulley":1},"minecraft:crafted":{"minecraft:brick":4,"minecraft:oak_planks":1440,"minecraft:cobblestone_slab":90,"minecraft:barrel":31,"minecraft:chain":2,"minecraft:oak_hanging_sign":6,"minecraft:stone":7,"minecraft:cobblestone_stairs":148,"minecraft:lever":1,"create:copper_door":3,"create:deployer":5,"minecraft:cooked_mutton":3,"minecraft:iron_bars":16,"minecraft:green_dye":4,"create:vertical_gearbox":2,"minecraft:glass":16,"create:andesite_funnel":8,"minecraft:bow":1,"minecraft:iron_boots":1,"create:mechanical_press":4,"minecraft:chest":5,"create:spout":1,"minecraft:oak_button":5,"minecraft:copper_block":7,"create:cuckoo_clock":1,"railways:handcar":1,"minecraft:dried_kelp_block":2,"minecraft:oak_fence":66,"create:cogwheel":123,"minecraft:flower_pot":1,"create:brass_hand":5,"create:track_station":2,"create:flywheel":1,"create:depot":1,"minecraft:item_frame":1,"minecraft:oak_slab":72,"minecraft:deepslate":4,"minecraft:wooden_shovel":2,"create:rose_quartz":19,"minecraft:cauldron":1,"minecraft:map":1,"minecraft:crafting_table":17,"create:fluid_pipe":40,"minecraft:wooden_pickaxe":1,"minecraft:iron_helmet":1,"minecraft:brown_dye":3,"minecraft:clock":1,"minecraft:brown_bed":1,"minecraft:copper_ingot":226,"create:sand_paper":3,"minecraft:hay_block":18,"minecraft:campfire":5,"create:encased_chain_drive":18,"create:mechanical_mixer":1,"create:stressometer":1,"minecraft:cartography_table":1,"create:gearbox":9,"create:rose_quartz_lamp":3,"create:water_wheel":6,"minecraft:yellow_dye":6,"minecraft:charcoal":52,"minecraft:iron_chestplate":2,"minecraft:wooden_hoe":3,"minecraft:paper":21,"minecraft:golden_leggings":1,"minecraft:diamond_pickaxe":1,"minecraft:shield":4,"create:super_glue":1,"minecraft:stick":452,"minecraft:stone_slab":12,"create:mechanical_pump":4,"minecraft:iron_ingot":224,"minecraft:compass":4,"minecraft:iron_pickaxe":5,"minecraft:iron_block":4,"minecraft:stone_sword":1,"minecraft:gold_ingot":91,"create:large_cogwheel":18,"minecraft:light_gray_dye":3,"minecraft:redstone_torch":3,"create:elevator_pulley":1,"minecraft:composter":1,"create:empty_blaze_burner":2,"create:chute":8,"minecraft:wooden_sword":1,"minecraft:oak_door":6,"minecraft:cookie":160,"minecraft:stone_shovel":26,"create:wrench":3,"create:steam_engine":3,"minecraft:iron_nugget":450,"minecraft:furnace":4,"create:experience_nugget":18,"create:copper_backtank":1,"create:contraption_controls":2,"minecraft:oak_trapdoor":4,"minecraft:flint_and_steel":1,"minecraft:polished_diorite":260,"minecraft:ladder":27,"minecraft:slime_ball":2,"create:millstone":1,"minecraft:lime_dye":8,"minecraft:stone_pickaxe":74,"create:fluid_tank":15,"create:hose_pulley":1,"create:basin":1,"create:electron_tube":14,"create:belt_connector":19,"create:filter":1,"minecraft:wheat":162,"minecraft:sugar":1,"create:steam_whistle":3,"create:andesite_alloy":37,"create:hand_crank":1,"minecraft:diamond_sword":1,"minecraft:dried_kelp":140,"minecraft:iron_sword":4,"create:dough":60,"create:goggles":2,"create:large_water_wheel":3,"create:redstone_contact":6,"minecraft:cooked_salmon":1,"minecraft:polished_granite":176,"create:item_drain":1,"minecraft:bucket":3,"minecraft:stone_axe":13,"minecraft:jungle_slab":6,"minecraft:air":0,"minecraft:bread":236,"minecraft:jungle_planks":52,"create:speedometer":1,"minecraft:blue_dye":5,"minecraft:oak_boat":1,"minecraft:oak_chest_boat":1,"create:whisk":1,"minecraft:white_wool":1,"minecraft:white_dye":4,"minecraft:andesite_slab":126,"minecraft:brown_wool":3,"create:mechanical_crafter":21,"minecraft:oak_stairs":44,"minecraft:wooden_axe":5,"create:shaft":248,"create:copper_diving_helmet":1,"minecraft:torch":408,"create:zinc_ingot":75,"create:experience_block":2},"minecraft:custom":{"minecraft:animals_bred":1,"minecraft:interact_with_crafting_table":771,"minecraft:open_barrel":2359,"minecraft:bell_ring":2,"minecraft:leave_game":29,"minecraft:time_since_death":568877,"minecraft:sprint_one_cm":4041356,"minecraft:damage_blocked_by_shield":6286,"minecraft:drop":1118,"minecraft:talked_to_villager":9,"minecraft:play_time":3378561,"minecraft:deaths":8,"minecraft:jump":14495,"minecraft:interact_with_brewingstand":1,"minecraft:walk_on_water_one_cm":932816,"minecraft:interact_with_furnace":214,"minecraft:interact_with_cartography_table":3,"minecraft:sleep_in_bed":37,"minecraft:damage_dealt":38376,"minecraft:crouch_one_cm":83662,"minecraft:mob_kills":212,"minecraft:fill_cauldron":1,"minecraft:interact_with_campfire":60,"minecraft:climb_one_cm":171496,"minecraft:walk_one_cm":10808673,"minecraft:sneak_time":62517,"minecraft:walk_under_water_one_cm":671454,"minecraft:boat_one_cm":1530112,"minecraft:interact_with_blast_furnace":1,"minecraft:total_world_time":3378561,"minecraft:pot_flower":1,"minecraft:time_since_rest":97580,"minecraft:damage_taken":13496,"minecraft:swim_one_cm":113406,"minecraft:fly_one_cm":299568,"minecraft:open_chest":92,"minecraft:fall_one_cm":176133},"minecraft:dropped":{"minecraft:iron_sword":3,"minecraft:oak_log":1,"minecraft:crafting_table":9,"create:filter":1,"minecraft:dirt":10,"minecraft:yellow_dye":2,"create:iron_sheet":1,"minecraft:sand":1,"minecraft:sugar":1,"minecraft:gold_ingot":15,"minecraft:bone":1,"minecraft:gravel":1,"minecraft:iron_nugget":121,"minecraft:andesite_slab":3,"minecraft:wheat":63,"minecraft:obsidian":1,"minecraft:rotten_flesh":48,"create:wheat_flour":392,"minecraft:powered_rail":2,"minecraft:egg":1,"minecraft:iron_ingot":17,"create:rose_quartz":17,"minecraft:wheat_seeds":3,"minecraft:cobblestone":49,"minecraft:granite":52,"minecraft:copper_ingot":96,"create:cinder_flour":1,"minecraft:blue_dye":2,"minecraft:torch":1,"minecraft:string":25,"minecraft:bucket":9,"minecraft:kelp":30,"minecraft:tuff":2,"create:zinc_ingot":35,"minecraft:andesite":125,"minecraft:oak_sapling":5,"minecraft:stone_pickaxe":1},"minecraft:mined":{"create:deepslate_zinc_ore":38,"minecraft:oak_sapling":4,"create:copper_casing":6,"create:andesite_casing":13,"minecraft:cobblestone_stairs":114,"minecraft:jungle_leaves":8,"minecraft:obsidian":9,"minecraft:cave_vines_plant":1,"minecraft:granite":782,"minecraft:budding_amethyst":1,"create:redstone_contact":3,"minecraft:grass_block":689,"minecraft:jungle_log":23,"minecraft:soul_soil":1,"minecraft:polished_diorite":38,"minecraft:crimson_fungus":1,"create:belt":2,"minecraft:spawner":3,"minecraft:tall_seagrass":1,"minecraft:magma_block":3,"minecraft:iron_ore":108,"minecraft:barrel":9,"minecraft:fire":11,"minecraft:cobbled_deepslate":13,"minecraft:azure_bluet":3,"minecraft:brown_bed":1,"minecraft:water_cauldron":1,"minecraft:dirt_path":2,"minecraft:iron_bars":4,"minecraft:oak_stairs":32,"minecraft:white_banner":1,"create:veridium":39,"create:mechanical_press":2,"create:limestone":21,"create:item_drain":1,"minecraft:deepslate_redstone_ore":62,"create:cogwheel":14,"minecraft:kelp_plant":12,"minecraft:soul_fire":6,"create:steam_whistle_extension":13,"minecraft:clay":1,"minecraft:torch":26,"minecraft:calcite":7,"minecraft:melon":3,"create:scoria":20,"minecraft:nether_quartz_ore":26,"minecraft:cobblestone":1492,"minecraft:oak_planks":300,"minecraft:sugar_cane":28,"minecraft:wall_torch":112,"minecraft:amethyst_block":1,"create:cuckoo_clock":3,"minecraft:cauldron":2,"create:large_water_wheel":1,"create:basin":1,"create:rose_quartz_lamp":8,"minecraft:seagrass":2,"minecraft:nether_wart_block":5,"minecraft:wheat":914,"create:mechanical_mixer":1,"minecraft:warped_fungus":14,"minecraft:grass":436,"minecraft:oak_log":761,"create:hand_crank":2,"minecraft:sand":210,"minecraft:dirt":2936,"create:encased_chain_drive":8,"minecraft:smooth_basalt":12,"minecraft:netherrack":496,"minecraft:oak_leaves":816,"minecraft:deepslate":244,"create:zinc_ore":64,"minecraft:nether_gold_ore":18,"create:copper_backtank":4,"minecraft:tuff":162,"minecraft:deepslate_diamond_ore":2,"minecraft:oak_door":8,"create:fluid_tank":1,"minecraft:lever":5,"minecraft:glow_lichen":2,"minecraft:ladder":55,"create:large_cogwheel":7,"minecraft:jungle_planks":9,"minecraft:redstone_wire":16,"minecraft:kelp":2,"minecraft:sandstone":36,"minecraft:rooted_dirt":2,"minecraft:hay_block":18,"create:shaft":19,"minecraft:oak_trapdoor":3,"minecraft:andesite":405,"create:scorchia":1,"minecraft:gold_block":2,"minecraft:cobblestone_slab":23,"minecraft:shroomlight":1,"minecraft:deepslate_iron_ore":115,"minecraft:vine":20,"minecraft:rail":3,"minecraft:stripped_oak_log":10,"minecraft:bamboo":1,"minecraft:stone":4597,"minecraft:redstone_wall_torch":7,"minecraft:oak_slab":6,"create:hose_pulley":1,"minecraft:soul_sand":10,"minecraft:basalt":5,"minecraft:dandelion":6,"minecraft:polished_granite":50,"minecraft:oak_fence":20,"minecraft:crafting_table":11,"minecraft:cornflower":5,"create:fluid_pipe":30,"create:mechanical_pump":4,"minecraft:andesite_slab":1,"minecraft:campfire":1,"create:water_wheel":2,"create:elevator_contact":3,"minecraft:copper_ore":107,"minecraft:tall_grass":1,"minecraft:lapis_ore":2,"minecraft:deepslate_gold_ore":65,"minecraft:diorite":683,"minecraft:cactus":5,"create:experience_block":1,"create:gearbox":13,"minecraft:redstone_torch":13,"create:crushing_wheel":2,"minecraft:coal_ore":203,"minecraft:cocoa":15,"minecraft:gravel":56,"minecraft:cobweb":60,"minecraft:oak_button":2,"create:andesite_funnel":2,"minecraft:fern":151}},"DataVersion":3465}