{"stats":{"minecraft:picked_up":{"minecraft:iron_chestplate":3,"minecraft:wheat":977,"minecraft:lead":3,"minecraft:diamond_sword":2,"minecraft:oak_stairs":32,"minecraft:brown_bed":1,"create:wrench":2,"create:item_drain":1,"minecraft:potion":1,"minecraft:amethyst_block":1,"minecraft:string":95,"minecraft:soul_soil":6,"minecraft:raw_copper":498,"create:limestone":21,"minecraft:shroomlight":1,"create:andesite_funnel":6,"create:water_wheel":6,"create:mechanical_press":2,"minecraft:gold_nugget":68,"minecraft:cobbled_deepslate":282,"minecraft:bucket":3,"minecraft:redstone_torch":20,"minecraft:cobblestone_slab":24,"minecraft:calcite":7,"create:contraption_controls":1,"minecraft:iron_pickaxe":4,"minecraft:melon_slice":14,"minecraft:iron_boots":1,"minecraft:stick":138,"create:mechanical_mixer":1,"minecraft:oak_fence":22,"minecraft:torch":346,"create:andesite_casing":14,"create:redstone_contact":12,"minecraft:diorite":1122,"minecraft:golden_chestplate":2,"minecraft:cauldron":3,"create:large_cogwheel":9,"minecraft:stone_sword":2,"minecraft:cactus":9,"minecraft:rotten_flesh":105,"create:copper_casing":18,"create:scoria":20,"create:track":2,"minecraft:blue_dye":2,"create:veridium":117,"minecraft:obsidian":10,"minecraft:iron_bars":4,"minecraft:cobblestone":7923,"minecraft:magma_block":3,"create:fluid_tank":1,"minecraft:water_bucket":4,"minecraft:andesite":850,"minecraft:jungle_log":23,"minecraft:golden_leggings":5,"create:belt_connector":3,"minecraft:flint":15,"minecraft:tuff":164,"create:raw_zinc":238,"minecraft:lapis_lazuli":24,"minecraft:dirt":4439,"minecraft:polished_granite":63,"create:encased_chain_drive":8,"minecraft:glass":4,"minecraft:bone":64,"minecraft:bow":3,"minecraft:wheat_seeds":2857,"minecraft:raw_gold":71,"create:goggles":3,"create:shaft":27,"minecraft:bamboo":13,"minecraft:powered_rail":5,"create:super_glue":1,"minecraft:oak_planks":392,"create:experience_block":1,"create:cogwheel":25,"create:cuckoo_clock":3,"minecraft:sand":210,"minecraft:jungle_planks":9,"create:steam_whistle":2,"minecraft:ink_sac":3,"minecraft:barrel":13,"minecraft:diamond":4,"minecraft:lever":5,"minecraft:crossbow":3,"minecraft:granite":1616,"minecraft:bone_meal":80,"minecraft:golden_apple":1,"minecraft:emerald":3,"minecraft:bread":147,"minecraft:rooted_dirt":2,"minecraft:oak_sapling":180,"minecraft:netherrack":525,"minecraft:andesite_slab":4,"create:copper_sheet":34,"minecraft:charcoal":2,"minecraft:cocoa_beans":45,"minecraft:crafting_table":16,"minecraft:azure_bluet":3,"minecraft:ladder":59,"minecraft:clay_ball":8,"minecraft:chest_minecart":1,"minecraft:gold_block":2,"minecraft:shield":4,"minecraft:cornflower":5,"minecraft:oak_trapdoor":3,"create:fluid_pipe":30,"minecraft:flint_and_steel":3,"minecraft:compass":3,"minecraft:item_frame":1,"create:scorchia":1,"minecraft:detector_rail":2,"minecraft:oak_boat":1,"create:basin":1,"minecraft:iron_nugget":26,"minecraft:sugar_cane":52,"minecraft:egg":7,"minecraft:raw_iron":341,"minecraft:sandstone":35,"minecraft:oak_door":12,"create:golden_sheet":9,"minecraft:copper_ingot":24,"minecraft:cookie":4,"create:copper_backtank":4,"create:hand_crank":16,"minecraft:redstone":310,"create:vertical_gearbox":10,"minecraft:tnt":4,"minecraft:arrow":96,"minecraft:stone_shovel":6,"minecraft:nether_bricks":20,"minecraft:hay_block":18,"minecraft:gold_ingot":8,"minecraft:oak_chest_boat":22,"minecraft:mutton":3,"minecraft:rail":5,"minecraft:white_wool":3,"minecraft:stripped_oak_log":11,"create:iron_sheet":11,"minecraft:clock":1,"minecraft:basalt":5,"minecraft:glow_ink_sac":3,"minecraft:salmon":1,"minecraft:leather":2,"minecraft:yellow_dye":2,"minecraft:filled_map":1,"minecraft:crimson_fungus":1,"minecraft:oak_log":894,"minecraft:golden_boots":4,"minecraft:nether_wart_block":5,"minecraft:gunpowder":12,"minecraft:cobblestone_stairs":126,"minecraft:white_banner":2,"minecraft:cooked_mutton":1,"create:crushing_wheel":2,"minecraft:apple":26,"minecraft:kelp":170,"minecraft:heart_of_the_sea":1,"minecraft:iron_ingot":17,"minecraft:stone_pickaxe":9,"minecraft:iron_sword":3,"minecraft:soul_sand":14,"minecraft:oak_slab":6,"minecraft:smooth_basalt":12,"minecraft:warped_fungus":14,"create:large_water_wheel":2,"create:hose_pulley":1,"minecraft:quartz":57,"minecraft:dandelion":6,"minecraft:gravel":241,"minecraft:amethyst_shard":2,"minecraft:spider_eye":15,"create:gearbox":3,"create:wheat_flour":68,"minecraft:pumpkin_seeds":2,"minecraft:polished_diorite":43,"minecraft:stone_axe":4,"create:mechanical_pump":4,"minecraft:iron_helmet":1,"create:rose_quartz":5,"create:rose_quartz_lamp":8,"minecraft:oak_button":2,"minecraft:coal":245,"minecraft:ender_pearl":7},"minecraft:dropped":{"minecraft:iron_sword":3,"minecraft:oak_log":1,"minecraft:crafting_table":9,"create:filter":1,"minecraft:dirt":10,"minecraft:yellow_dye":2,"minecraft:sand":1,"create:iron_sheet":1,"minecraft:sugar":1,"minecraft:gold_ingot":16,"minecraft:bone":1,"minecraft:gravel":1,"minecraft:iron_nugget":144,"minecraft:andesite_slab":3,"minecraft:wheat":63,"minecraft:obsidian":1,"minecraft:rotten_flesh":51,"create:wheat_flour":392,"minecraft:powered_rail":2,"minecraft:egg":1,"minecraft:iron_ingot":17,"create:rose_quartz":18,"minecraft:wheat_seeds":9,"minecraft:cobblestone":49,"minecraft:granite":52,"minecraft:copper_ingot":96,"create:cinder_flour":1,"minecraft:blue_dye":2,"minecraft:torch":1,"minecraft:string":25,"minecraft:bucket":9,"minecraft:kelp":30,"minecraft:tuff":2,"create:zinc_ingot":35,"minecraft:andesite":148,"minecraft:oak_sapling":5,"minecraft:stone_pickaxe":1},"minecraft:mined":{"create:deepslate_zinc_ore":48,"minecraft:oak_sapling":4,"create:copper_casing":6,"create:andesite_casing":13,"minecraft:cobblestone_stairs":128,"minecraft:jungle_leaves":8,"minecraft:obsidian":9,"minecraft:cave_vines_plant":1,"minecraft:granite":1461,"minecraft:budding_amethyst":1,"create:redstone_contact":3,"minecraft:grass_block":689,"minecraft:jungle_log":23,"minecraft:soul_soil":6,"minecraft:polished_diorite":38,"minecraft:crimson_fungus":1,"create:belt":2,"minecraft:spawner":3,"minecraft:tall_seagrass":1,"minecraft:magma_block":3,"minecraft:iron_ore":202,"minecraft:barrel":13,"minecraft:fire":17,"minecraft:cobbled_deepslate":13,"minecraft:azure_bluet":3,"minecraft:brown_bed":1,"minecraft:water_cauldron":1,"minecraft:dirt_path":3,"minecraft:iron_bars":4,"minecraft:oak_stairs":32,"minecraft:white_banner":1,"create:veridium":39,"create:mechanical_press":2,"create:limestone":21,"create:item_drain":1,"minecraft:deepslate_redstone_ore":62,"create:cogwheel":14,"minecraft:kelp_plant":12,"minecraft:soul_fire":9,"create:steam_whistle_extension":13,"minecraft:clay":2,"minecraft:torch":30,"minecraft:calcite":7,"minecraft:melon":3,"create:scoria":20,"minecraft:nether_quartz_ore":51,"minecraft:cobblestone":1747,"minecraft:oak_planks":311,"minecraft:sugar_cane":28,"minecraft:cauldron":2,"minecraft:wall_torch":126,"minecraft:amethyst_block":1,"create:cuckoo_clock":3,"create:large_water_wheel":1,"create:basin":1,"create:rose_quartz_lamp":8,"minecraft:seagrass":2,"minecraft:nether_wart_block":5,"minecraft:wheat":1088,"create:mechanical_mixer":1,"minecraft:warped_fungus":14,"minecraft:grass":436,"minecraft:oak_log":867,"create:hand_crank":2,"minecraft:sand":211,"minecraft:dirt":3124,"create:encased_chain_drive":8,"minecraft:smooth_basalt":12,"minecraft:netherrack":508,"minecraft:oak_leaves":831,"minecraft:deepslate":245,"create:zinc_ore":98,"minecraft:nether_gold_ore":18,"create:copper_backtank":4,"minecraft:tuff":162,"minecraft:deepslate_diamond_ore":2,"minecraft:oak_door":8,"create:fluid_tank":1,"minecraft:nether_bricks":22,"minecraft:lever":5,"minecraft:glow_lichen":2,"minecraft:ladder":55,"create:large_cogwheel":7,"minecraft:jungle_planks":9,"minecraft:redstone_wire":16,"minecraft:kelp":2,"minecraft:sandstone":36,"minecraft:rooted_dirt":2,"minecraft:hay_block":18,"create:shaft":19,"minecraft:oak_trapdoor":3,"minecraft:andesite":799,"create:scorchia":1,"minecraft:gold_block":2,"minecraft:cobblestone_slab":23,"minecraft:shroomlight":1,"minecraft:deepslate_iron_ore":132,"minecraft:vine":20,"minecraft:rail":3,"minecraft:stripped_oak_log":10,"minecraft:bamboo":1,"minecraft:stone":6102,"minecraft:redstone_wall_torch":7,"minecraft:oak_slab":6,"create:hose_pulley":1,"minecraft:soul_sand":10,"minecraft:basalt":5,"minecraft:dandelion":6,"minecraft:polished_granite":63,"minecraft:oak_fence":20,"minecraft:crafting_table":15,"minecraft:cornflower":5,"create:fluid_pipe":30,"create:mechanical_pump":4,"minecraft:andesite_slab":1,"minecraft:campfire":1,"create:water_wheel":2,"create:elevator_contact":3,"minecraft:copper_ore":123,"minecraft:tall_grass":1,"minecraft:lapis_ore":2,"minecraft:deepslate_gold_ore":65,"minecraft:diorite":944,"minecraft:cactus":5,"create:experience_block":1,"create:gearbox":13,"minecraft:redstone_torch":13,"create:crushing_wheel":2,"minecraft:coal_ore":245,"minecraft:cocoa":15,"minecraft:gravel":173,"minecraft:cobweb":60,"minecraft:oak_button":2,"create:andesite_funnel":2,"minecraft:gold_ore":5,"minecraft:fern":153},"minecraft:killed_by":{"minecraft:creeper":1,"minecraft:zombie":1,"minecraft:hoglin":2,"minecraft:skeleton":2},"minecraft:broken":{"minecraft:golden_boots":1,"minecraft:wooden_shovel":2,"minecraft:stone_pickaxe":94,"minecraft:stone_axe":6,"minecraft:iron_sword":1,"minecraft:wooden_axe":4,"minecraft:stone_shovel":25,"minecraft:iron_pickaxe":1,"minecraft:wooden_hoe":1,"create:sand_paper":1},"minecraft:custom":{"minecraft:animals_bred":1,"minecraft:interact_with_crafting_table":858,"minecraft:open_barrel":2716,"minecraft:bell_ring":2,"minecraft:leave_game":31,"minecraft:time_since_death":967749,"minecraft:sprint_one_cm":4546185,"minecraft:damage_blocked_by_shield":6451,"minecraft:drop":1175,"minecraft:talked_to_villager":9,"minecraft:play_time":3777433,"minecraft:deaths":8,"minecraft:interact_with_brewingstand":1,"minecraft:jump":15862,"minecraft:walk_on_water_one_cm":952862,"minecraft:interact_with_furnace":234,"minecraft:interact_with_cartography_table":3,"minecraft:sleep_in_bed":38,"minecraft:damage_dealt":40197,"minecraft:crouch_one_cm":88250,"minecraft:mob_kills":226,"minecraft:inspect_hopper":2,"minecraft:fill_cauldron":1,"minecraft:interact_with_campfire":60,"minecraft:climb_one_cm":176076,"minecraft:walk_one_cm":11811070,"minecraft:sneak_time":66082,"minecraft:walk_under_water_one_cm":771851,"minecraft:boat_one_cm":1784092,"minecraft:interact_with_blast_furnace":1,"minecraft:total_world_time":3777433,"minecraft:pot_flower":1,"minecraft:time_since_rest":390415,"minecraft:damage_taken":14170,"minecraft:swim_one_cm":191774,"minecraft:fly_one_cm":323186,"minecraft:open_chest":105,"minecraft:fall_one_cm":188049},"minecraft:used":{"create:copper_door":3,"create:deployer":14,"create:scorchia":1,"minecraft:ladder":58,"minecraft:chest":4,"minecraft:shield":256,"minecraft:iron_sword":545,"create:railway_casing":6,"minecraft:rotten_flesh":3,"minecraft:bell":1,"minecraft:iron_chestplate":1,"create:fluid_tank":24,"minecraft:soul_sand":6,"minecraft:cocoa_beans":22,"create:cogwheel":371,"minecraft:jungle_planks":33,"minecraft:nether_bricks":1,"create:mechanical_crafter":21,"create:depot":2,"minecraft:tuff":52,"create:speedometer":5,"minecraft:glass":11,"minecraft:lava_bucket":24,"create:rose_quartz_lamp":13,"minecraft:iron_helmet":1,"create:millstone":2,"create:andesite_funnel":27,"create:shaft":347,"minecraft:magma_block":2,"minecraft:oak_sapling":159,"minecraft:warped_fungus":1,"create:experience_block":1,"minecraft:item_frame":2,"minecraft:hay_block":18,"minecraft:bow":32,"create:steam_engine":5,"minecraft:furnace":4,"minecraft:egg":1,"minecraft:oak_chest_boat":22,"minecraft:golden_boots":1,"minecraft:diorite":160,"create:crushing_wheel":6,"minecraft:stone_pickaxe":12787,"minecraft:powered_rail":1,"minecraft:oak_planks":703,"minecraft:cactus":5,"minecraft:wooden_pickaxe":57,"minecraft:sandstone":33,"minecraft:sugar_cane":25,"minecraft:composter":1,"minecraft:cookie":160,"create:spout":3,"create:track_station":2,"minecraft:sand":174,"create:flywheel":13,"minecraft:crossbow":19,"minecraft:redstone_torch":21,"minecraft:lever":6,"minecraft:melon_slice":14,"create:copper_backtank":18,"minecraft:bread":289,"create:contraption_controls":5,"minecraft:polished_granite":382,"minecraft:deepslate":4,"create:andesite_casing":5,"minecraft:gravel":25,"minecraft:nether_wart_block":5,"minecraft:diamond_sword":259,"minecraft:wooden_sword":56,"create:basin":5,"create:stressometer":19,"minecraft:andesite":7,"minecraft:oak_fence":80,"minecraft:oak_boat":1,"create:steam_whistle":2,"create:vertical_gearbox":26,"create:large_cogwheel":91,"minecraft:oak_hanging_sign":1,"minecraft:bone_meal":46,"minecraft:oak_trapdoor":4,"minecraft:experience_bottle":1,"minecraft:iron_bars":8,"minecraft:stone_sword":116,"railways:handcar":3,"minecraft:flint_and_steel":20,"minecraft:stone_shovel":3524,"create:item_vault":4,"minecraft:redstone":40,"create:cuckoo_clock":5,"minecraft:cooked_salmon":1,"minecraft:wooden_shovel":123,"minecraft:netherrack":237,"minecraft:oak_door":11,"minecraft:torch":662,"create:mechanical_pump":11,"minecraft:dirt":3279,"minecraft:wheat":1,"create:mechanical_mixer":3,"create:copper_casing":30,"minecraft:hopper":3,"create:redstone_contact":16,"minecraft:golden_chestplate":1,"minecraft:granite":44,"minecraft:polished_diorite":282,"create:chute":14,"minecraft:shroomlight":1,"minecraft:wooden_axe":302,"create:wrench":1417,"minecraft:filled_map":5,"create:gearbox":20,"minecraft:oak_stairs":70,"minecraft:rooted_dirt":2,"create:hose_pulley":2,"minecraft:jungle_log":1,"minecraft:iron_boots":1,"minecraft:barrel":34,"minecraft:bamboo":1,"create:encased_chain_drive":62,"minecraft:soul_soil":6,"create:fluid_pipe":105,"minecraft:cobbled_deepslate":267,"minecraft:brown_bed":2,"create:belt_connector":129,"minecraft:wheat_seeds":2853,"minecraft:cooked_mutton":3,"minecraft:water_bucket":42,"minecraft:cobblestone_stairs":327,"create:empty_blaze_burner":3,"minecraft:cartography_table":1,"minecraft:andesite_slab":1,"minecraft:cobblestone_slab":109,"minecraft:cauldron":3,"minecraft:glow_ink_sac":1,"create:blaze_burner":11,"create:item_drain":3,"minecraft:crafting_table":25,"minecraft:rail":2,"create:brass_funnel":2,"minecraft:oak_slab":7,"minecraft:campfire":5,"create:filter":22,"create:track":39,"minecraft:oak_log":358,"minecraft:wooden_hoe":92,"minecraft:flower_pot":1,"minecraft:diamond_pickaxe":9,"minecraft:apple":11,"create:mechanical_press":9,"minecraft:oak_button":5,"minecraft:iron_pickaxe":904,"minecraft:map":1,"create:water_wheel":21,"create:large_water_wheel":8,"minecraft:golden_leggings":1,"minecraft:stone_axe":1403,"minecraft:cobblestone":6003,"minecraft:white_banner":2,"minecraft:bucket":131,"create:hand_crank":42,"minecraft:stripped_oak_log":4,"create:elevator_pulley":1},"minecraft:killed":{"minecraft:cave_spider":9,"minecraft:spider":19,"minecraft:skeleton":48,"minecraft:magma_cube":5,"minecraft:zombie_villager":1,"minecraft:creeper":16,"minecraft:sheep":3,"minecraft:pillager":6,"minecraft:zombie":87,"minecraft:drowned":14,"minecraft:bat":2,"minecraft:enderman":8},"minecraft:crafted":{"minecraft:brick":4,"minecraft:oak_planks":1784,"minecraft:cobblestone_slab":90,"minecraft:barrel":57,"minecraft:chain":2,"minecraft:oak_hanging_sign":6,"minecraft:stone":7,"minecraft:cobblestone_stairs":216,"minecraft:lever":1,"create:item_vault":3,"create:copper_door":3,"create:deployer":5,"minecraft:cooked_mutton":3,"minecraft:iron_bars":16,"minecraft:green_dye":4,"create:vertical_gearbox":2,"minecraft:glass":16,"minecraft:hopper":3,"create:andesite_funnel":8,"minecraft:bow":1,"minecraft:iron_boots":1,"create:mechanical_press":4,"minecraft:chest":8,"create:spout":1,"minecraft:oak_button":5,"minecraft:copper_block":8,"create:cuckoo_clock":1,"railways:handcar":1,"minecraft:dried_kelp_block":2,"create:brass_funnel":2,"minecraft:oak_fence":66,"create:cogwheel":163,"minecraft:flower_pot":1,"create:brass_hand":5,"create:track_station":2,"create:flywheel":1,"create:depot":1,"minecraft:item_frame":1,"minecraft:oak_slab":132,"minecraft:deepslate":4,"minecraft:wooden_shovel":2,"create:rose_quartz":20,"minecraft:cauldron":1,"minecraft:map":1,"minecraft:crafting_table":18,"create:fluid_pipe":40,"minecraft:wooden_pickaxe":1,"minecraft:iron_helmet":1,"minecraft:brown_dye":3,"minecraft:clock":1,"minecraft:brown_bed":1,"minecraft:copper_ingot":262,"create:sand_paper":3,"minecraft:hay_block":18,"minecraft:campfire":5,"create:encased_chain_drive":18,"create:mechanical_mixer":1,"minecraft:cartography_table":1,"create:stressometer":3,"create:gearbox":11,"create:rose_quartz_lamp":3,"minecraft:yellow_dye":6,"create:water_wheel":7,"minecraft:charcoal":52,"minecraft:iron_chestplate":2,"minecraft:wooden_hoe":3,"minecraft:paper":21,"minecraft:golden_leggings":1,"minecraft:diamond_pickaxe":1,"minecraft:shield":4,"create:super_glue":1,"minecraft:stick":532,"minecraft:stone_slab":12,"create:mechanical_pump":5,"minecraft:iron_ingot":309,"minecraft:compass":5,"minecraft:iron_pickaxe":7,"minecraft:iron_block":4,"minecraft:stone_sword":1,"minecraft:gold_ingot":91,"create:large_cogwheel":36,"minecraft:light_gray_dye":3,"minecraft:redstone_torch":3,"create:elevator_pulley":1,"minecraft:composter":1,"create:empty_blaze_burner":11,"create:chute":8,"minecraft:wooden_sword":1,"minecraft:oak_door":6,"minecraft:cookie":160,"minecraft:stone_shovel":29,"create:wrench":3,"create:steam_engine":4,"minecraft:iron_nugget":486,"minecraft:furnace":4,"create:experience_nugget":18,"create:copper_backtank":1,"create:contraption_controls":2,"minecraft:oak_trapdoor":4,"minecraft:flint_and_steel":1,"minecraft:polished_diorite":260,"minecraft:ladder":27,"minecraft:slime_ball":2,"create:millstone":1,"minecraft:lime_dye":8,"minecraft:stone_pickaxe":101,"create:fluid_tank":33,"create:hose_pulley":1,"create:basin":1,"create:electron_tube":15,"create:belt_connector":19,"create:filter":1,"minecraft:wheat":162,"minecraft:sugar":1,"create:steam_whistle":3,"create:andesite_alloy":37,"create:hand_crank":1,"minecraft:diamond_sword":1,"minecraft:dried_kelp":140,"minecraft:iron_sword":5,"create:dough":60,"create:goggles":2,"create:large_water_wheel":4,"minecraft:polished_granite":352,"minecraft:cooked_salmon":1,"create:redstone_contact":6,"create:item_drain":1,"minecraft:bucket":3,"minecraft:stone_axe":15,"minecraft:jungle_slab":6,"minecraft:air":0,"minecraft:bread":293,"minecraft:jungle_planks":52,"minecraft:blue_dye":5,"create:speedometer":3,"minecraft:oak_boat":1,"minecraft:oak_chest_boat":1,"create:whisk":1,"minecraft:white_wool":1,"minecraft:white_dye":4,"minecraft:andesite_slab":126,"minecraft:brown_wool":3,"create:mechanical_crafter":21,"minecraft:oak_stairs":44,"minecraft:wooden_axe":5,"create:shaft":304,"create:copper_diving_helmet":1,"minecraft:torch":448,"create:zinc_ingot":85,"create:experience_block":2}},"DataVersion":3465}