{"stats":{"minecraft:dropped":{"minecraft:gold_ingot":10,"minecraft:iron_nugget":14,"minecraft:wheat":54,"create:wheat_flour":392,"minecraft:iron_ingot":5,"minecraft:wheat_seeds":2,"minecraft:cobblestone":2,"minecraft:copper_ingot":49,"minecraft:bucket":8,"create:zinc_ingot":5,"minecraft:andesite":17,"minecraft:oak_sapling":2},"minecraft:killed_by":{"minecraft:creeper":1,"minecraft:zombie":1},"minecraft:broken":{"minecraft:wooden_shovel":2,"minecraft:stone_pickaxe":28,"minecraft:stone_axe":2,"minecraft:wooden_axe":4,"minecraft:stone_shovel":17,"minecraft:iron_pickaxe":1,"minecraft:wooden_hoe":1},"minecraft:custom":{"minecraft:interact_with_crafting_table":292,"minecraft:open_barrel":515,"minecraft:leave_game":8,"minecraft:time_since_death":688366,"minecraft:sprint_one_cm":1122435,"minecraft:damage_blocked_by_shield":2316,"minecraft:drop":560,"minecraft:play_time":1212082,"minecraft:deaths":2,"minecraft:jump":4581,"minecraft:walk_on_water_one_cm":403283,"minecraft:interact_with_furnace":110,"minecraft:sleep_in_bed":21,"minecraft:damage_dealt":13736,"minecraft:crouch_one_cm":29870,"minecraft:mob_kills":80,"minecraft:interact_with_campfire":60,"minecraft:climb_one_cm":46221,"minecraft:walk_one_cm":4045990,"minecraft:sneak_time":26168,"minecraft:walk_under_water_one_cm":270498,"minecraft:total_world_time":1212082,"minecraft:pot_flower":1,"minecraft:time_since_rest":141896,"minecraft:damage_taken":5276,"minecraft:swim_one_cm":19062,"minecraft:fly_one_cm":75697,"minecraft:open_chest":26,"minecraft:fall_one_cm":52989},"minecraft:used":{"minecraft:chest":2,"minecraft:shield":96,"minecraft:iron_sword":175,"create:fluid_tank":9,"minecraft:cocoa_beans":22,"create:cogwheel":98,"minecraft:jungle_planks":33,"minecraft:tuff":13,"minecraft:glass":3,"minecraft:iron_helmet":1,"create:millstone":2,"minecraft:bow":25,"minecraft:hay_block":5,"create:shaft":134,"minecraft:furnace":4,"create:steam_engine":3,"minecraft:oak_sapling":86,"minecraft:diorite":73,"minecraft:stone_pickaxe":3675,"minecraft:oak_planks":367,"minecraft:wooden_pickaxe":57,"minecraft:composter":1,"minecraft:sugar_cane":21,"create:spout":1,"minecraft:cookie":160,"minecraft:sand":27,"minecraft:redstone_torch":1,"minecraft:lever":5,"minecraft:bread":64,"minecraft:melon_slice":14,"create:andesite_casing":1,"minecraft:gravel":14,"minecraft:wooden_sword":56,"create:basin":2,"minecraft:andesite":5,"create:vertical_gearbox":14,"create:steam_whistle":2,"minecraft:oak_hanging_sign":1,"create:large_cogwheel":34,"minecraft:oak_trapdoor":2,"minecraft:oak_fence":60,"minecraft:stone_sword":116,"minecraft:flint_and_steel":3,"minecraft:stone_shovel":2348,"minecraft:redstone":5,"create:cuckoo_clock":4,"minecraft:wooden_shovel":123,"minecraft:cooked_salmon":1,"minecraft:oak_door":11,"minecraft:torch":252,"create:mechanical_pump":7,"minecraft:dirt":2049,"create:mechanical_mixer":3,"minecraft:polished_diorite":138,"minecraft:wooden_axe":302,"create:wrench":353,"create:gearbox":7,"minecraft:oak_stairs":28,"minecraft:rooted_dirt":2,"create:hose_pulley":2,"minecraft:jungle_log":1,"minecraft:iron_boots":1,"minecraft:barrel":5,"minecraft:bamboo":1,"create:encased_chain_drive":15,"create:fluid_pipe":90,"create:belt_connector":31,"minecraft:brown_bed":2,"minecraft:wheat_seeds":756,"minecraft:cooked_mutton":3,"minecraft:water_bucket":8,"minecraft:cobblestone_stairs":115,"minecraft:cauldron":2,"minecraft:glow_ink_sac":1,"minecraft:cobblestone_slab":69,"create:item_drain":2,"minecraft:oak_slab":7,"minecraft:crafting_table":8,"minecraft:campfire":5,"minecraft:oak_log":198,"minecraft:wooden_hoe":83,"minecraft:flower_pot":1,"minecraft:apple":8,"create:mechanical_press":3,"minecraft:iron_pickaxe":260,"create:water_wheel":4,"create:large_water_wheel":2,"minecraft:stone_axe":404,"minecraft:cobblestone":2197,"minecraft:white_banner":2,"minecraft:bucket":67,"create:hand_crank":11,"minecraft:stripped_oak_log":1},"minecraft:crafted":{"minecraft:brick":4,"minecraft:oak_planks":768,"minecraft:cobblestone_slab":66,"minecraft:barrel":13,"minecraft:chain":2,"minecraft:oak_hanging_sign":6,"minecraft:cobblestone_stairs":72,"minecraft:lever":1,"minecraft:cooked_mutton":3,"minecraft:iron_bars":16,"create:vertical_gearbox":2,"minecraft:glass":5,"minecraft:bow":1,"minecraft:iron_boots":1,"create:mechanical_press":1,"minecraft:chest":2,"create:spout":1,"minecraft:copper_block":2,"create:cuckoo_clock":1,"minecraft:dried_kelp_block":1,"create:cogwheel":49,"minecraft:oak_fence":60,"minecraft:flower_pot":1,"minecraft:oak_slab":48,"minecraft:wooden_shovel":2,"minecraft:cauldron":1,"minecraft:crafting_table":5,"create:fluid_pipe":32,"minecraft:wooden_pickaxe":1,"minecraft:iron_helmet":1,"minecraft:brown_dye":3,"minecraft:clock":1,"minecraft:brown_bed":1,"minecraft:copper_ingot":105,"minecraft:hay_block":5,"minecraft:campfire":5,"create:encased_chain_drive":7,"create:mechanical_mixer":1,"create:gearbox":6,"minecraft:wooden_hoe":2,"minecraft:iron_chestplate":1,"minecraft:charcoal":43,"create:water_wheel":2,"minecraft:shield":1,"minecraft:stick":196,"create:mechanical_pump":2,"minecraft:iron_ingot":81,"minecraft:compass":1,"minecraft:iron_pickaxe":2,"minecraft:iron_block":1,"minecraft:stone_sword":1,"minecraft:gold_ingot":41,"create:large_cogwheel":9,"minecraft:redstone_torch":1,"minecraft:composter":1,"minecraft:wooden_sword":1,"minecraft:oak_door":3,"minecraft:cookie":160,"minecraft:stone_shovel":20,"create:wrench":1,"create:steam_engine":2,"minecraft:iron_nugget":135,"minecraft:furnace":4,"minecraft:oak_trapdoor":2,"minecraft:flint_and_steel":1,"minecraft:polished_diorite":132,"create:millstone":1,"minecraft:stone_pickaxe":30,"create:fluid_tank":8,"create:hose_pulley":1,"create:basin":1,"create:belt_connector":4,"create:steam_whistle":3,"create:andesite_alloy":37,"create:hand_crank":1,"minecraft:dried_kelp":39,"minecraft:iron_sword":1,"create:dough":58,"create:goggles":1,"create:large_water_wheel":1,"minecraft:cooked_salmon":1,"create:item_drain":1,"minecraft:bucket":1,"minecraft:stone_axe":5,"minecraft:bread":57,"minecraft:air":0,"minecraft:jungle_planks":24,"create:whisk":1,"minecraft:brown_wool":3,"minecraft:oak_stairs":20,"minecraft:wooden_axe":5,"create:shaft":88,"minecraft:torch":172,"create:zinc_ingot":54},"minecraft:picked_up":{"minecraft:iron_chestplate":1,"minecraft:wheat":300,"minecraft:lead":3,"minecraft:oak_stairs":10,"minecraft:brown_bed":1,"create:item_drain":1,"minecraft:amethyst_block":1,"minecraft:raw_copper":221,"minecraft:string":31,"create:water_wheel":1,"create:mechanical_press":2,"minecraft:cobbled_deepslate":76,"minecraft:bucket":1,"minecraft:redstone_torch":1,"minecraft:cobblestone_slab":7,"minecraft:calcite":3,"minecraft:iron_pickaxe":1,"minecraft:melon_slice":14,"minecraft:iron_boots":1,"minecraft:stick":65,"create:mechanical_mixer":1,"minecraft:torch":154,"create:andesite_casing":13,"minecraft:diorite":449,"minecraft:cauldron":2,"create:large_cogwheel":6,"minecraft:stone_sword":2,"minecraft:rotten_flesh":47,"create:copper_casing":2,"minecraft:cobblestone":2664,"create:fluid_tank":1,"minecraft:water_bucket":4,"minecraft:jungle_log":7,"minecraft:andesite":236,"minecraft:flint":2,"minecraft:tuff":118,"create:raw_zinc":54,"minecraft:dirt":3322,"minecraft:lapis_lazuli":24,"create:encased_chain_drive":7,"minecraft:bone":24,"minecraft:bow":1,"minecraft:wheat_seeds":903,"minecraft:raw_gold":41,"create:shaft":12,"minecraft:bamboo":13,"minecraft:oak_planks":124,"create:cogwheel":12,"create:cuckoo_clock":3,"minecraft:jungle_planks":9,"minecraft:sand":35,"create:steam_whistle":2,"minecraft:ink_sac":3,"minecraft:lever":5,"minecraft:granite":166,"minecraft:bone_meal":17,"minecraft:bread":60,"minecraft:rooted_dirt":2,"minecraft:oak_sapling":116,"minecraft:charcoal":2,"create:copper_sheet":33,"minecraft:cocoa_beans":45,"minecraft:crafting_table":3,"minecraft:clay_ball":4,"minecraft:shield":1,"minecraft:oak_trapdoor":2,"create:fluid_pipe":30,"create:basin":1,"minecraft:iron_nugget":2,"minecraft:sugar_cane":21,"minecraft:raw_iron":133,"minecraft:sandstone":1,"minecraft:oak_door":12,"create:golden_sheet":9,"minecraft:copper_ingot":13,"minecraft:cookie":4,"create:hand_crank":5,"minecraft:redstone":70,"create:vertical_gearbox":9,"minecraft:stone_shovel":3,"minecraft:arrow":26,"minecraft:gold_ingot":1,"minecraft:mutton":3,"minecraft:white_wool":3,"minecraft:rail":3,"minecraft:stripped_oak_log":8,"create:iron_sheet":5,"minecraft:glow_ink_sac":3,"minecraft:salmon":1,"minecraft:leather":2,"minecraft:oak_log":474,"minecraft:gunpowder":3,"minecraft:cobblestone_stairs":53,"minecraft:white_banner":2,"minecraft:cooked_mutton":1,"minecraft:apple":17,"minecraft:kelp":39,"minecraft:stone_pickaxe":3,"minecraft:oak_slab":6,"minecraft:smooth_basalt":1,"create:large_water_wheel":1,"create:hose_pulley":1,"minecraft:gravel":66,"minecraft:amethyst_shard":2,"minecraft:spider_eye":6,"create:gearbox":2,"create:wheat_flour":68,"minecraft:stone_axe":2,"minecraft:polished_diorite":11,"minecraft:iron_helmet":1,"create:mechanical_pump":4,"minecraft:coal":117,"minecraft:ender_pearl":2},"minecraft:mined":{"create:deepslate_zinc_ore":13,"create:copper_casing":2,"minecraft:oak_sapling":3,"create:andesite_casing":13,"minecraft:cobblestone_stairs":54,"minecraft:jungle_leaves":2,"minecraft:cave_vines_plant":1,"minecraft:granite":67,"minecraft:budding_amethyst":1,"minecraft:grass_block":669,"minecraft:jungle_log":7,"minecraft:polished_diorite":11,"minecraft:spawner":1,"minecraft:tall_seagrass":1,"minecraft:iron_ore":79,"minecraft:brown_bed":1,"minecraft:dirt_path":2,"minecraft:oak_stairs":10,"minecraft:white_banner":1,"create:mechanical_press":2,"create:item_drain":1,"minecraft:deepslate_redstone_ore":14,"create:cogwheel":12,"minecraft:kelp_plant":3,"create:steam_whistle_extension":13,"minecraft:clay":1,"minecraft:torch":15,"minecraft:calcite":3,"minecraft:melon":3,"minecraft:cobblestone":435,"minecraft:sugar_cane":10,"minecraft:oak_planks":109,"minecraft:wall_torch":56,"create:cuckoo_clock":3,"minecraft:amethyst_block":1,"minecraft:cauldron":2,"create:large_water_wheel":1,"create:basin":1,"minecraft:wheat":312,"create:mechanical_mixer":1,"minecraft:grass":340,"minecraft:oak_log":448,"create:hand_crank":1,"minecraft:sand":35,"minecraft:dirt":2157,"create:encased_chain_drive":7,"minecraft:smooth_basalt":1,"minecraft:oak_leaves":486,"minecraft:deepslate":73,"create:zinc_ore":41,"minecraft:tuff":115,"minecraft:oak_door":8,"create:fluid_tank":1,"minecraft:glow_lichen":1,"minecraft:lever":5,"create:large_cogwheel":5,"minecraft:jungle_planks":9,"minecraft:redstone_wire":5,"minecraft:kelp":2,"minecraft:sandstone":1,"minecraft:rooted_dirt":2,"create:shaft":12,"minecraft:oak_trapdoor":2,"minecraft:andesite":186,"minecraft:deepslate_iron_ore":47,"minecraft:cobblestone_slab":6,"minecraft:vine":10,"minecraft:rail":3,"minecraft:stripped_oak_log":7,"minecraft:bamboo":1,"minecraft:stone":2137,"minecraft:oak_slab":6,"create:hose_pulley":1,"minecraft:crafting_table":3,"create:fluid_pipe":30,"create:mechanical_pump":4,"create:water_wheel":1,"minecraft:campfire":1,"minecraft:tall_grass":1,"minecraft:copper_ore":58,"minecraft:lapis_ore":2,"minecraft:deepslate_gold_ore":41,"minecraft:diorite":331,"create:gearbox":11,"minecraft:redstone_torch":1,"minecraft:coal_ore":117,"minecraft:cocoa":15,"minecraft:gravel":43,"minecraft:cobweb":22,"minecraft:fern":119},"minecraft:killed":{"minecraft:cave_spider":3,"minecraft:spider":7,"minecraft:skeleton":11,"minecraft:creeper":3,"minecraft:sheep":3,"minecraft:pillager":2,"minecraft:zombie":34,"minecraft:drowned":11,"minecraft:bat":1,"minecraft:enderman":2}},"DataVersion":3465}